#input, Strategy, Shape Filter, Container Height, Rotations Allowed, Number of rectangles, Input sorted, Fill rate, # Mutations
1, SimulatedAnnealing, None, 110, false, 25, -, 0.87181216, 100
1, SimulatedAnnealing, None, 110, false, 25, -, 0.8638866, 200
1, SimulatedAnnealing, None, 110, false, 25, -, 0.84451693, 300
1, SimulatedAnnealing, None, 110, false, 25, -, 0.8308556, 400
1, SimulatedAnnealing, None, 110, false, 25, -, 0.8638866, 500
1, SimulatedAnnealing, None, 110, false, 25, -, 0.8638866, 600
1, SimulatedAnnealing, None, 110, false, 25, -, 0.88397694, 700
1, SimulatedAnnealing, None, 110, false, 25, -, 0.87181216, 800
2, SimulatedAnnealing, None, 97, true, 10, -, 0.897253, 100
2, SimulatedAnnealing, None, 97, true, 10, -, 0.897253, 200
2, SimulatedAnnealing, None, 97, true, 10, -, 0.9055353, 300
2, SimulatedAnnealing, None, 97, true, 10, -, 0.897253, 400
2, SimulatedAnnealing, None, 97, true, 10, -, 0.8785044, 500
2, SimulatedAnnealing, None, 97, true, 10, -, 0.897253, 600
2, SimulatedAnnealing, None, 97, true, 10, -, 0.897253, 700
2, SimulatedAnnealing, None, 97, true, 10, -, 0.897253, 800
3, SimulatedAnnealing, None, 12, false, 25, -, 0.8697183, 100
3, SimulatedAnnealing, None, 12, false, 25, -, 0.8458904, 200
3, SimulatedAnnealing, None, 12, false, 25, -, 0.8458904, 300
3, SimulatedAnnealing, None, 12, false, 25, -, 0.8576389, 400
3, SimulatedAnnealing, None, 12, false, 25, -, 0.8458904, 500
3, SimulatedAnnealing, None, 12, false, 25, -, 0.8697183, 600
3, SimulatedAnnealing, None, 12, false, 25, -, 0.8576389, 700
3, SimulatedAnnealing, None, 12, false, 25, -, 0.8576389, 800
4, SimulatedAnnealing, None, 120, true, 25, -, 0.86417896, 100
4, SimulatedAnnealing, None, 120, true, 25, -, 0.8863374, 200
4, SimulatedAnnealing, None, 120, true, 25, -, 0.8629391, 300
4, SimulatedAnnealing, None, 120, true, 25, -, 0.8688729, 400
4, SimulatedAnnealing, None, 120, true, 25, -, 0.8570859, 500
4, SimulatedAnnealing, None, 120, true, 25, -, 0.87749267, 600
4, SimulatedAnnealing, None, 120, true, 25, -, 0.8562561, 700
4, SimulatedAnnealing, None, 120, true, 25, -, 0.86674076, 800
5, SimulatedAnnealing, None, 11, false, 10, -, 0.82323235, 100
5, SimulatedAnnealing, None, 11, false, 10, -, 0.82323235, 200
5, SimulatedAnnealing, None, 11, false, 10, -, 0.82323235, 300
5, SimulatedAnnealing, None, 11, false, 10, -, 0.82323235, 400
5, SimulatedAnnealing, None, 11, false, 10, -, 0.82323235, 500
5, SimulatedAnnealing, None, 11, false, 10, -, 0.82323235, 600
5, SimulatedAnnealing, None, 11, false, 10, -, 0.82323235, 700
5, SimulatedAnnealing, None, 11, false, 10, -, 0.82323235, 800
6, SimulatedAnnealing, None, 51, true, 25, -, 0.8335239, 100
6, SimulatedAnnealing, None, 51, true, 25, -, 0.8595135, 200
6, SimulatedAnnealing, None, 51, true, 25, -, 0.8407877, 300
6, SimulatedAnnealing, None, 51, true, 25, -, 0.84262353, 400
6, SimulatedAnnealing, None, 51, true, 25, -, 0.8500475, 500
6, SimulatedAnnealing, None, 51, true, 25, -, 0.85380876, 600
6, SimulatedAnnealing, None, 51, true, 25, -, 0.83895993, 700
6, SimulatedAnnealing, None, 51, true, 25, -, 0.86896247, 800
7, SimulatedAnnealing, None, 7, true, 10, -, 0.9159664, 100
7, SimulatedAnnealing, None, 7, true, 10, -, 0.9159664, 200
7, SimulatedAnnealing, None, 7, true, 10, -, 0.9159664, 300
7, SimulatedAnnealing, None, 7, true, 10, -, 0.9159664, 400
7, SimulatedAnnealing, None, 7, true, 10, -, 0.9159664, 500
7, SimulatedAnnealing, None, 7, true, 10, -, 0.9159664, 600
7, SimulatedAnnealing, None, 7, true, 10, -, 0.9159664, 700
7, SimulatedAnnealing, None, 7, true, 10, -, 0.9159664, 800
8, SimulatedAnnealing, None, 16, true, 10, -, 0.88848037, 100
8, SimulatedAnnealing, None, 16, true, 10, -, 0.88848037, 200
8, SimulatedAnnealing, None, 16, true, 10, -, 0.88848037, 300
8, SimulatedAnnealing, None, 16, true, 10, -, 0.88848037, 400
8, SimulatedAnnealing, None, 16, true, 10, -, 0.88848037, 500
8, SimulatedAnnealing, None, 16, true, 10, -, 0.88848037, 600
8, SimulatedAnnealing, None, 16, true, 10, -, 0.8713942, 700
8, SimulatedAnnealing, None, 16, true, 10, -, 0.8713942, 800
9, SimulatedAnnealing, None, 30, false, 10, -, 0.8947619, 100
9, SimulatedAnnealing, None, 30, false, 10, -, 0.8947619, 200
9, SimulatedAnnealing, None, 30, false, 10, -, 0.9348259, 300
9, SimulatedAnnealing, None, 30, false, 10, -, 0.9348259, 400
9, SimulatedAnnealing, None, 30, false, 10, -, 0.92107844, 500
9, SimulatedAnnealing, None, 30, false, 10, -, 0.8947619, 600
9, SimulatedAnnealing, None, 30, false, 10, -, 0.9348259, 700
9, SimulatedAnnealing, None, 30, false, 10, -, 0.9348259, 800
10, SimulatedAnnealing, None, 32, true, 25, -, 0.870864, 100
10, SimulatedAnnealing, None, 32, true, 25, -, 0.867674, 200
10, SimulatedAnnealing, None, 32, true, 25, -, 0.867674, 300
10, SimulatedAnnealing, None, 32, true, 25, -, 0.870864, 400
10, SimulatedAnnealing, None, 32, true, 25, -, 0.85824275, 500
10, SimulatedAnnealing, None, 32, true, 25, -, 0.8740775, 600
10, SimulatedAnnealing, None, 32, true, 25, -, 0.8740775, 700
10, SimulatedAnnealing, None, 32, true, 25, -, 0.85206836, 800
11, SimulatedAnnealing, None, 151, false, 10, -, 0.8371809, 100
11, SimulatedAnnealing, None, 151, false, 10, -, 0.7745347, 200
11, SimulatedAnnealing, None, 151, false, 10, -, 0.7956646, 300
11, SimulatedAnnealing, None, 151, false, 10, -, 0.7745347, 400
11, SimulatedAnnealing, None, 151, false, 10, -, 0.7745347, 500
11, SimulatedAnnealing, None, 151, false, 10, -, 0.7745347, 600
11, SimulatedAnnealing, None, 151, false, 10, -, 0.8340336, 700
11, SimulatedAnnealing, None, 151, false, 10, -, 0.7988033, 800
12, SimulatedAnnealing, None, 71, false, 25, -, 0.88270605, 100
12, SimulatedAnnealing, None, 71, false, 25, -, 0.8773128, 200
12, SimulatedAnnealing, None, 71, false, 25, -, 0.8863386, 300
12, SimulatedAnnealing, None, 71, false, 25, -, 0.87375367, 400
12, SimulatedAnnealing, None, 71, false, 25, -, 0.8513055, 500
12, SimulatedAnnealing, None, 71, false, 25, -, 0.8651768, 600
12, SimulatedAnnealing, None, 71, false, 25, -, 0.86498106, 700
12, SimulatedAnnealing, None, 71, false, 25, -, 0.8513055, 800
13, SimulatedAnnealing, None, 144, true, 25, -, 0.8381814, 100
13, SimulatedAnnealing, None, 144, true, 25, -, 0.8178464, 200
13, SimulatedAnnealing, None, 144, true, 25, -, 0.8402089, 300
13, SimulatedAnnealing, None, 144, true, 25, -, 0.81089765, 400
13, SimulatedAnnealing, None, 144, true, 25, -, 0.8304114, 500
13, SimulatedAnnealing, None, 144, true, 25, -, 0.8304114, 600
13, SimulatedAnnealing, None, 144, true, 25, -, 0.84358203, 700
13, SimulatedAnnealing, None, 144, true, 25, -, 0.82143396, 800
14, SimulatedAnnealing, None, 75, true, 10, -, 0.9321196, 100
14, SimulatedAnnealing, None, 75, true, 10, -, 0.9321196, 200
14, SimulatedAnnealing, None, 75, true, 10, -, 0.90692717, 300
14, SimulatedAnnealing, None, 75, true, 10, -, 0.9196914, 400
14, SimulatedAnnealing, None, 75, true, 10, -, 0.8948348, 500
14, SimulatedAnnealing, None, 75, true, 10, -, 0.94053406, 600
14, SimulatedAnnealing, None, 75, true, 10, -, 0.88684523, 700
14, SimulatedAnnealing, None, 75, true, 10, -, 0.915172, 800
15, SimulatedAnnealing, None, 77, false, 10, -, 0.89044696, 100
15, SimulatedAnnealing, None, 77, false, 10, -, 0.8966624, 200
15, SimulatedAnnealing, None, 77, false, 10, -, 0.89044696, 300
15, SimulatedAnnealing, None, 77, false, 10, -, 0.89044696, 400
15, SimulatedAnnealing, None, 77, false, 10, -, 0.89044696, 500
15, SimulatedAnnealing, None, 77, false, 10, -, 0.8850174, 600
15, SimulatedAnnealing, None, 77, false, 10, -, 0.92089653, 700
15, SimulatedAnnealing, None, 77, false, 10, -, 0.89044696, 800
16, SimulatedAnnealing, None, 23, true, 10, -, 0.96606576, 100
16, SimulatedAnnealing, None, 23, true, 10, -, 0.88019323, 200
16, SimulatedAnnealing, None, 23, true, 10, -, 0.88019323, 300
16, SimulatedAnnealing, None, 23, true, 10, -, 0.88019323, 400
16, SimulatedAnnealing, None, 23, true, 10, -, 0.9001976, 500
16, SimulatedAnnealing, None, 23, true, 10, -, 0.92113245, 600
16, SimulatedAnnealing, None, 23, true, 10, -, 0.92113245, 700
16, SimulatedAnnealing, None, 23, true, 10, -, 0.9001976, 800
17, SimulatedAnnealing, None, 37, false, 10, -, 0.6490515, 100
17, SimulatedAnnealing, None, 37, false, 10, -, 0.6490515, 200
17, SimulatedAnnealing, None, 37, false, 10, -, 0.63150954, 300
17, SimulatedAnnealing, None, 37, false, 10, -, 0.6490515, 400
17, SimulatedAnnealing, None, 37, false, 10, -, 0.6490515, 500
17, SimulatedAnnealing, None, 37, false, 10, -, 0.63150954, 600
17, SimulatedAnnealing, None, 37, false, 10, -, 0.6490515, 700
17, SimulatedAnnealing, None, 37, false, 10, -, 0.6490515, 800
18, SimulatedAnnealing, None, 121, true, 10, -, 0.89650977, 100
18, SimulatedAnnealing, None, 121, true, 10, -, 0.89650977, 200
18, SimulatedAnnealing, None, 121, true, 10, -, 0.88144237, 300
18, SimulatedAnnealing, None, 121, true, 10, -, 0.92583483, 400
18, SimulatedAnnealing, None, 121, true, 10, -, 0.87872183, 500
18, SimulatedAnnealing, None, 121, true, 10, -, 0.90005845, 600
18, SimulatedAnnealing, None, 121, true, 10, -, 0.89650977, 700
18, SimulatedAnnealing, None, 121, true, 10, -, 0.90005845, 800
19, SimulatedAnnealing, None, 179, false, 10, -, 0.8326932, 100
19, SimulatedAnnealing, None, 179, false, 10, -, 0.8326932, 200
19, SimulatedAnnealing, None, 179, false, 10, -, 0.8326932, 300
19, SimulatedAnnealing, None, 179, false, 10, -, 0.8326932, 400
19, SimulatedAnnealing, None, 179, false, 10, -, 0.8326932, 500
19, SimulatedAnnealing, None, 179, false, 10, -, 0.8326932, 600
19, SimulatedAnnealing, None, 179, false, 10, -, 0.8326932, 700
19, SimulatedAnnealing, None, 179, false, 10, -, 0.8326932, 800
20, SimulatedAnnealing, None, 133, false, 25, -, 0.83538246, 100
20, SimulatedAnnealing, None, 133, false, 25, -, 0.8227132, 200
20, SimulatedAnnealing, None, 133, false, 25, -, 0.82425815, 300
20, SimulatedAnnealing, None, 133, false, 25, -, 0.823482, 400
20, SimulatedAnnealing, None, 133, false, 25, -, 0.8443214, 500
20, SimulatedAnnealing, None, 133, false, 25, -, 0.82659537, 600
20, SimulatedAnnealing, None, 133, false, 25, -, 0.8344827, 700
20, SimulatedAnnealing, None, 133, false, 25, -, 0.8764501, 800
21, SimulatedAnnealing, None, 37, false, 10, -, 0.9085628, 100
21, SimulatedAnnealing, None, 37, false, 10, -, 0.9085628, 200
21, SimulatedAnnealing, None, 37, false, 10, -, 0.9085628, 300
21, SimulatedAnnealing, None, 37, false, 10, -, 0.9085628, 400
21, SimulatedAnnealing, None, 37, false, 10, -, 0.9085628, 500
21, SimulatedAnnealing, None, 37, false, 10, -, 0.9085628, 600
21, SimulatedAnnealing, None, 37, false, 10, -, 0.9085628, 700
21, SimulatedAnnealing, None, 37, false, 10, -, 0.9085628, 800
22, SimulatedAnnealing, None, 24, true, 25, -, 0.8772401, 100
22, SimulatedAnnealing, None, 24, true, 25, -, 0.85427576, 200
22, SimulatedAnnealing, None, 24, true, 25, -, 0.8633157, 300
22, SimulatedAnnealing, None, 24, true, 25, -, 0.8679078, 400
22, SimulatedAnnealing, None, 24, true, 25, -, 0.85427576, 500
22, SimulatedAnnealing, None, 24, true, 25, -, 0.8679078, 600
22, SimulatedAnnealing, None, 24, true, 25, -, 0.8633157, 700
22, SimulatedAnnealing, None, 24, true, 25, -, 0.8587719, 800
23, SimulatedAnnealing, None, 14, true, 10, -, 0.87532467, 100
23, SimulatedAnnealing, None, 14, true, 10, -, 0.87532467, 200
23, SimulatedAnnealing, None, 14, true, 10, -, 0.87532467, 300
23, SimulatedAnnealing, None, 14, true, 10, -, 0.87532467, 400
23, SimulatedAnnealing, None, 14, true, 10, -, 0.87532467, 500
23, SimulatedAnnealing, None, 14, true, 10, -, 0.87532467, 600
23, SimulatedAnnealing, None, 14, true, 10, -, 0.87532467, 700
23, SimulatedAnnealing, None, 14, true, 10, -, 0.94265735, 800
24, SimulatedAnnealing, None, 87, false, 25, -, 0.82267934, 100
24, SimulatedAnnealing, None, 87, false, 25, -, 0.8130814, 200
24, SimulatedAnnealing, None, 87, false, 25, -, 0.8382282, 300
24, SimulatedAnnealing, None, 87, false, 25, -, 0.83943576, 400
24, SimulatedAnnealing, None, 87, false, 25, -, 0.8296749, 500
24, SimulatedAnnealing, None, 87, false, 25, -, 0.8103801, 600
24, SimulatedAnnealing, None, 87, false, 25, -, 0.78926575, 700
24, SimulatedAnnealing, None, 87, false, 25, -, 0.7879761, 800
25, SimulatedAnnealing, None, 97, true, 25, -, 0.8483285, 100
25, SimulatedAnnealing, None, 97, true, 25, -, 0.8444927, 200
25, SimulatedAnnealing, None, 97, true, 25, -, 0.8532895, 300
25, SimulatedAnnealing, None, 97, true, 25, -, 0.82810724, 400
25, SimulatedAnnealing, None, 97, true, 25, -, 0.8444927, 500
25, SimulatedAnnealing, None, 97, true, 25, -, 0.85629404, 600
25, SimulatedAnnealing, None, 97, true, 25, -, 0.83665425, 700
25, SimulatedAnnealing, None, 97, true, 25, -, 0.8347397, 800
26, SimulatedAnnealing, None, 135, true, 25, -, 0.8492021, 100
26, SimulatedAnnealing, None, 135, true, 25, -, 0.8406946, 200
26, SimulatedAnnealing, None, 135, true, 25, -, 0.8483278, 300
26, SimulatedAnnealing, None, 135, true, 25, -, 0.84126496, 400
26, SimulatedAnnealing, None, 135, true, 25, -, 0.87912637, 500
26, SimulatedAnnealing, None, 135, true, 25, -, 0.85631585, 600
26, SimulatedAnnealing, None, 135, true, 25, -, 0.84608865, 700
26, SimulatedAnnealing, None, 135, true, 25, -, 0.8543077, 800
27, SimulatedAnnealing, None, 21, false, 25, -, 0.8471487, 100
27, SimulatedAnnealing, None, 21, false, 25, -, 0.8471487, 200
27, SimulatedAnnealing, None, 21, false, 25, -, 0.8471487, 300
27, SimulatedAnnealing, None, 21, false, 25, -, 0.8471487, 400
27, SimulatedAnnealing, None, 21, false, 25, -, 0.8471487, 500
27, SimulatedAnnealing, None, 21, false, 25, -, 0.8471487, 600
27, SimulatedAnnealing, None, 21, false, 25, -, 0.8471487, 700
27, SimulatedAnnealing, None, 21, false, 25, -, 0.8471487, 800
28, SimulatedAnnealing, None, 200, true, 10, -, 0.8964556, 100
28, SimulatedAnnealing, None, 200, true, 10, -, 0.87795717, 200
28, SimulatedAnnealing, None, 200, true, 10, -, 0.87054825, 300
28, SimulatedAnnealing, None, 200, true, 10, -, 0.8735674, 400
28, SimulatedAnnealing, None, 200, true, 10, -, 0.87054825, 500
28, SimulatedAnnealing, None, 200, true, 10, -, 0.89930934, 600
28, SimulatedAnnealing, None, 200, true, 10, -, 0.87233, 700
28, SimulatedAnnealing, None, 200, true, 10, -, 0.88263154, 800
29, SimulatedAnnealing, None, 20, false, 25, -, 0.8638298, 100
29, SimulatedAnnealing, None, 20, false, 25, -, 0.87625897, 200
29, SimulatedAnnealing, None, 20, false, 25, -, 0.8638298, 300
29, SimulatedAnnealing, None, 20, false, 25, -, 0.87625897, 400
29, SimulatedAnnealing, None, 20, false, 25, -, 0.8638298, 500
29, SimulatedAnnealing, None, 20, false, 25, -, 0.8517482, 600
29, SimulatedAnnealing, None, 20, false, 25, -, 0.8577465, 700
29, SimulatedAnnealing, None, 20, false, 25, -, 0.87, 800
30, SimulatedAnnealing, None, 166, false, 25, -, 0.83968294, 100
30, SimulatedAnnealing, None, 166, false, 25, -, 0.8286617, 200
30, SimulatedAnnealing, None, 166, false, 25, -, 0.8362074, 300
30, SimulatedAnnealing, None, 166, false, 25, -, 0.86931026, 400
30, SimulatedAnnealing, None, 166, false, 25, -, 0.8327606, 500
30, SimulatedAnnealing, None, 166, false, 25, -, 0.8389855, 600
30, SimulatedAnnealing, None, 166, false, 25, -, 0.8266273, 700
30, SimulatedAnnealing, None, 166, false, 25, -, 0.8327606, 800
31, SimulatedAnnealing, None, 110, false, 25, -, 0.8319162, 100
31, SimulatedAnnealing, None, 110, false, 25, -, 0.82967985, 200
31, SimulatedAnnealing, None, 110, false, 25, -, 0.84869885, 300
31, SimulatedAnnealing, None, 110, false, 25, -, 0.85733587, 400
31, SimulatedAnnealing, None, 110, false, 25, -, 0.8219465, 500
31, SimulatedAnnealing, None, 110, false, 25, -, 0.84618163, 600
31, SimulatedAnnealing, None, 110, false, 25, -, 0.8375601, 700
31, SimulatedAnnealing, None, 110, false, 25, -, 0.83303887, 800
32, SimulatedAnnealing, None, 71, false, 25, -, 0.85323644, 100
32, SimulatedAnnealing, None, 71, false, 25, -, 0.8654255, 200
32, SimulatedAnnealing, None, 71, false, 25, -, 0.8420391, 300
32, SimulatedAnnealing, None, 71, false, 25, -, 0.8647356, 400
32, SimulatedAnnealing, None, 71, false, 25, -, 0.848722, 500
32, SimulatedAnnealing, None, 71, false, 25, -, 0.8710183, 600
32, SimulatedAnnealing, None, 71, false, 25, -, 0.8577992, 700
32, SimulatedAnnealing, None, 71, false, 25, -, 0.8932549, 800
33, SimulatedAnnealing, None, 25, true, 10, -, 0.8921053, 100
33, SimulatedAnnealing, None, 25, true, 10, -, 0.8921053, 200
33, SimulatedAnnealing, None, 25, true, 10, -, 0.8921053, 300
33, SimulatedAnnealing, None, 25, true, 10, -, 0.8921053, 400
33, SimulatedAnnealing, None, 25, true, 10, -, 0.8921053, 500
33, SimulatedAnnealing, None, 25, true, 10, -, 0.8921053, 600
33, SimulatedAnnealing, None, 25, true, 10, -, 0.8921053, 700
33, SimulatedAnnealing, None, 25, true, 10, -, 0.8921053, 800
34, SimulatedAnnealing, None, 3, false, 10, -, 0.7777778, 100
34, SimulatedAnnealing, None, 3, false, 10, -, 0.7777778, 200
34, SimulatedAnnealing, None, 3, false, 10, -, 0.7777778, 300
34, SimulatedAnnealing, None, 3, false, 10, -, 0.7777778, 400
34, SimulatedAnnealing, None, 3, false, 10, -, 0.7777778, 500
34, SimulatedAnnealing, None, 3, false, 10, -, 0.7777778, 600
34, SimulatedAnnealing, None, 3, false, 10, -, 0.7777778, 700
34, SimulatedAnnealing, None, 3, false, 10, -, 0.7777778, 800
35, SimulatedAnnealing, None, 105, false, 10, -, 0.89954484, 100
35, SimulatedAnnealing, None, 105, false, 10, -, 0.89954484, 200
35, SimulatedAnnealing, None, 105, false, 10, -, 0.89954484, 300
35, SimulatedAnnealing, None, 105, false, 10, -, 0.89954484, 400
35, SimulatedAnnealing, None, 105, false, 10, -, 0.89954484, 500
35, SimulatedAnnealing, None, 105, false, 10, -, 0.89954484, 600
35, SimulatedAnnealing, None, 105, false, 10, -, 0.89954484, 700
35, SimulatedAnnealing, None, 105, false, 10, -, 0.89954484, 800
36, SimulatedAnnealing, None, 143, false, 25, -, 0.75306576, 100
36, SimulatedAnnealing, None, 143, false, 25, -, 0.758369, 200
36, SimulatedAnnealing, None, 143, false, 25, -, 0.758369, 300
36, SimulatedAnnealing, None, 143, false, 25, -, 0.758369, 400
36, SimulatedAnnealing, None, 143, false, 25, -, 0.758369, 500
36, SimulatedAnnealing, None, 143, false, 25, -, 0.75306576, 600
36, SimulatedAnnealing, None, 143, false, 25, -, 0.758369, 700
36, SimulatedAnnealing, None, 143, false, 25, -, 0.758369, 800
37, SimulatedAnnealing, None, 120, true, 10, -, 0.9230836, 100
37, SimulatedAnnealing, None, 120, true, 10, -, 0.8890101, 200
37, SimulatedAnnealing, None, 120, true, 10, -, 0.919506, 300
37, SimulatedAnnealing, None, 120, true, 10, -, 0.92439884, 400
37, SimulatedAnnealing, None, 120, true, 10, -, 0.8950673, 500
37, SimulatedAnnealing, None, 120, true, 10, -, 0.89648074, 600
37, SimulatedAnnealing, None, 120, true, 10, -, 0.91353446, 700
37, SimulatedAnnealing, None, 120, true, 10, -, 0.90110546, 800
38, SimulatedAnnealing, None, 190, true, 25, -, 0.8563038, 100
38, SimulatedAnnealing, None, 190, true, 25, -, 0.8399833, 200
38, SimulatedAnnealing, None, 190, true, 25, -, 0.8263702, 300
38, SimulatedAnnealing, None, 190, true, 25, -, 0.84431356, 400
38, SimulatedAnnealing, None, 190, true, 25, -, 0.83844346, 500
38, SimulatedAnnealing, None, 190, true, 25, -, 0.8482728, 600
38, SimulatedAnnealing, None, 190, true, 25, -, 0.84778374, 700
38, SimulatedAnnealing, None, 190, true, 25, -, 0.8263702, 800
39, SimulatedAnnealing, None, 133, false, 25, -, 0.86008096, 100
39, SimulatedAnnealing, None, 133, false, 25, -, 0.86528724, 200
39, SimulatedAnnealing, None, 133, false, 25, -, 0.87859935, 300
39, SimulatedAnnealing, None, 133, false, 25, -, 0.8508658, 400
39, SimulatedAnnealing, None, 133, false, 25, -, 0.8474951, 500
39, SimulatedAnnealing, None, 133, false, 25, -, 0.87720245, 600
39, SimulatedAnnealing, None, 133, false, 25, -, 0.8856596, 700
39, SimulatedAnnealing, None, 133, false, 25, -, 0.85361415, 800
40, SimulatedAnnealing, None, 81, false, 10, -, 0.78832936, 100
40, SimulatedAnnealing, None, 81, false, 10, -, 0.78832936, 200
40, SimulatedAnnealing, None, 81, false, 10, -, 0.78832936, 300
40, SimulatedAnnealing, None, 81, false, 10, -, 0.78832936, 400
40, SimulatedAnnealing, None, 81, false, 10, -, 0.78832936, 500
40, SimulatedAnnealing, None, 81, false, 10, -, 0.78832936, 600
40, SimulatedAnnealing, None, 81, false, 10, -, 0.78832936, 700
40, SimulatedAnnealing, None, 81, false, 10, -, 0.78832936, 800
41, SimulatedAnnealing, None, 87, false, 10, -, 0.8355293, 100
41, SimulatedAnnealing, None, 87, false, 10, -, 0.8259256, 200
41, SimulatedAnnealing, None, 87, false, 10, -, 0.8259256, 300
41, SimulatedAnnealing, None, 87, false, 10, -, 0.8355293, 400
41, SimulatedAnnealing, None, 87, false, 10, -, 0.8259256, 500
41, SimulatedAnnealing, None, 87, false, 10, -, 0.8259256, 600
41, SimulatedAnnealing, None, 87, false, 10, -, 0.8355293, 700
41, SimulatedAnnealing, None, 87, false, 10, -, 0.8355293, 800
42, SimulatedAnnealing, None, 128, true, 25, -, 0.83125013, 100
42, SimulatedAnnealing, None, 128, true, 25, -, 0.8474738, 200
42, SimulatedAnnealing, None, 128, true, 25, -, 0.8315401, 300
42, SimulatedAnnealing, None, 128, true, 25, -, 0.8384368, 400
42, SimulatedAnnealing, None, 128, true, 25, -, 0.8377156, 500
42, SimulatedAnnealing, None, 128, true, 25, -, 0.8315401, 600
42, SimulatedAnnealing, None, 128, true, 25, -, 0.83492804, 700
42, SimulatedAnnealing, None, 128, true, 25, -, 0.8264341, 800
43, SimulatedAnnealing, None, 172, true, 10, -, 0.9199113, 100
43, SimulatedAnnealing, None, 172, true, 10, -, 0.923533, 200
43, SimulatedAnnealing, None, 172, true, 10, -, 0.9220205, 300
43, SimulatedAnnealing, None, 172, true, 10, -, 0.9109169, 400
43, SimulatedAnnealing, None, 172, true, 10, -, 0.92541975, 500
43, SimulatedAnnealing, None, 172, true, 10, -, 0.898518, 600
43, SimulatedAnnealing, None, 172, true, 10, -, 0.9146591, 700
43, SimulatedAnnealing, None, 172, true, 10, -, 0.92541975, 800
44, SimulatedAnnealing, None, 80, true, 25, -, 0.8535134, 100
44, SimulatedAnnealing, None, 80, true, 25, -, 0.8499121, 200
44, SimulatedAnnealing, None, 80, true, 25, -, 0.8487184, 300
44, SimulatedAnnealing, None, 80, true, 25, -, 0.875779, 400
44, SimulatedAnnealing, None, 80, true, 25, -, 0.8535134, 500
44, SimulatedAnnealing, None, 80, true, 25, -, 0.86080843, 600
44, SimulatedAnnealing, None, 80, true, 25, -, 0.87046474, 700
44, SimulatedAnnealing, None, 80, true, 25, -, 0.84279984, 800
45, SimulatedAnnealing, None, 105, true, 25, -, 0.81836754, 100
45, SimulatedAnnealing, None, 105, true, 25, -, 0.86295754, 200
45, SimulatedAnnealing, None, 105, true, 25, -, 0.8359457, 300
45, SimulatedAnnealing, None, 105, true, 25, -, 0.8549948, 400
45, SimulatedAnnealing, None, 105, true, 25, -, 0.85424083, 500
45, SimulatedAnnealing, None, 105, true, 25, -, 0.8318345, 600
45, SimulatedAnnealing, None, 105, true, 25, -, 0.84429127, 700
45, SimulatedAnnealing, None, 105, true, 25, -, 0.867383, 800
46, SimulatedAnnealing, None, 16, false, 10, -, 0.8720238, 100
46, SimulatedAnnealing, None, 16, false, 10, -, 0.8720238, 200
46, SimulatedAnnealing, None, 16, false, 10, -, 0.8720238, 300
46, SimulatedAnnealing, None, 16, false, 10, -, 0.8720238, 400
46, SimulatedAnnealing, None, 16, false, 10, -, 0.8720238, 500
46, SimulatedAnnealing, None, 16, false, 10, -, 0.8720238, 600
46, SimulatedAnnealing, None, 16, false, 10, -, 0.8720238, 700
46, SimulatedAnnealing, None, 16, false, 10, -, 0.8720238, 800
47, SimulatedAnnealing, None, 88, true, 10, -, 0.90184504, 100
47, SimulatedAnnealing, None, 88, true, 10, -, 0.929236, 200
47, SimulatedAnnealing, None, 88, true, 10, -, 0.8848283, 300
47, SimulatedAnnealing, None, 88, true, 10, -, 0.89798564, 400
47, SimulatedAnnealing, None, 88, true, 10, -, 0.89798564, 500
47, SimulatedAnnealing, None, 88, true, 10, -, 0.8689142, 600
47, SimulatedAnnealing, None, 88, true, 10, -, 0.85892665, 700
47, SimulatedAnnealing, None, 88, true, 10, -, 0.8657998, 800
48, SimulatedAnnealing, None, 19, true, 25, -, 0.86668766, 100
48, SimulatedAnnealing, None, 19, true, 25, -, 0.856431, 200
48, SimulatedAnnealing, None, 19, true, 25, -, 0.85139316, 300
48, SimulatedAnnealing, None, 19, true, 25, -, 0.877193, 400
48, SimulatedAnnealing, None, 19, true, 25, -, 0.877193, 500
48, SimulatedAnnealing, None, 19, true, 25, -, 0.85139316, 600
48, SimulatedAnnealing, None, 19, true, 25, -, 0.877193, 700
48, SimulatedAnnealing, None, 19, true, 25, -, 0.8615288, 800
49, SimulatedAnnealing, None, 28, true, 10, -, 0.9116541, 100
49, SimulatedAnnealing, None, 28, true, 10, -, 0.9116541, 200
49, SimulatedAnnealing, None, 28, true, 10, -, 0.9116541, 300
49, SimulatedAnnealing, None, 28, true, 10, -, 0.89593595, 400
49, SimulatedAnnealing, None, 28, true, 10, -, 0.9116541, 500
49, SimulatedAnnealing, None, 28, true, 10, -, 0.9116541, 600
49, SimulatedAnnealing, None, 28, true, 10, -, 0.9116541, 700
49, SimulatedAnnealing, None, 28, true, 10, -, 0.92911875, 800
50, SimulatedAnnealing, None, 175, true, 25, -, 0.8459771, 100
50, SimulatedAnnealing, None, 175, true, 25, -, 0.8028918, 200
50, SimulatedAnnealing, None, 175, true, 25, -, 0.8360077, 300
50, SimulatedAnnealing, None, 175, true, 25, -, 0.83443433, 400
50, SimulatedAnnealing, None, 175, true, 25, -, 0.8268916, 500
50, SimulatedAnnealing, None, 175, true, 25, -, 0.8445384, 600
50, SimulatedAnnealing, None, 175, true, 25, -, 0.8214865, 700
50, SimulatedAnnealing, None, 175, true, 25, -, 0.8221665, 800
51, SimulatedAnnealing, None, 15, true, 10, -, 0.93015873, 100
51, SimulatedAnnealing, None, 15, true, 10, -, 0.93015873, 200
51, SimulatedAnnealing, None, 15, true, 10, -, 0.93015873, 300
51, SimulatedAnnealing, None, 15, true, 10, -, 0.93015873, 400
51, SimulatedAnnealing, None, 15, true, 10, -, 0.93015873, 500
51, SimulatedAnnealing, None, 15, true, 10, -, 0.93015873, 600
51, SimulatedAnnealing, None, 15, true, 10, -, 0.93015873, 700
51, SimulatedAnnealing, None, 15, true, 10, -, 0.93015873, 800
52, SimulatedAnnealing, None, 11, false, 25, -, 0.87645686, 100
52, SimulatedAnnealing, None, 11, false, 25, -, 0.8995215, 200
52, SimulatedAnnealing, None, 11, false, 25, -, 0.87645686, 300
52, SimulatedAnnealing, None, 11, false, 25, -, 0.87645686, 400
52, SimulatedAnnealing, None, 11, false, 25, -, 0.87645686, 500
52, SimulatedAnnealing, None, 11, false, 25, -, 0.87645686, 600
52, SimulatedAnnealing, None, 11, false, 25, -, 0.8995215, 700
52, SimulatedAnnealing, None, 11, false, 25, -, 0.87645686, 800
53, SimulatedAnnealing, None, 124, false, 25, -, 0.84672827, 100
53, SimulatedAnnealing, None, 124, false, 25, -, 0.84408665, 200
53, SimulatedAnnealing, None, 124, false, 25, -, 0.81877553, 300
53, SimulatedAnnealing, None, 124, false, 25, -, 0.8254188, 400
53, SimulatedAnnealing, None, 124, false, 25, -, 0.83047235, 500
53, SimulatedAnnealing, None, 124, false, 25, -, 0.8355882, 600
53, SimulatedAnnealing, None, 124, false, 25, -, 0.8415106, 700
53, SimulatedAnnealing, None, 124, false, 25, -, 0.8321295, 800
54, SimulatedAnnealing, None, 42, false, 25, -, 0.8303789, 100
54, SimulatedAnnealing, None, 42, false, 25, -, 0.83957124, 200
54, SimulatedAnnealing, None, 42, false, 25, -, 0.8303789, 300
54, SimulatedAnnealing, None, 42, false, 25, -, 0.8303789, 400
54, SimulatedAnnealing, None, 42, false, 25, -, 0.84896946, 500
54, SimulatedAnnealing, None, 42, false, 25, -, 0.84896946, 600
54, SimulatedAnnealing, None, 42, false, 25, -, 0.81843096, 700
54, SimulatedAnnealing, None, 42, false, 25, -, 0.8303789, 800
55, SimulatedAnnealing, None, 102, true, 10, -, 0.9366615, 100
55, SimulatedAnnealing, None, 102, true, 10, -, 0.9434526, 200
55, SimulatedAnnealing, None, 102, true, 10, -, 0.94264424, 300
55, SimulatedAnnealing, None, 102, true, 10, -, 0.9542396, 400
55, SimulatedAnnealing, None, 102, true, 10, -, 0.9491503, 500
55, SimulatedAnnealing, None, 102, true, 10, -, 0.9103104, 600
55, SimulatedAnnealing, None, 102, true, 10, -, 0.9317575, 700
55, SimulatedAnnealing, None, 102, true, 10, -, 0.9216806, 800
56, SimulatedAnnealing, None, 66, false, 10, -, 0.8637607, 100
56, SimulatedAnnealing, None, 66, false, 10, -, 0.8506734, 200
56, SimulatedAnnealing, None, 66, false, 10, -, 0.82768226, 300
56, SimulatedAnnealing, None, 66, false, 10, -, 0.8506734, 400
56, SimulatedAnnealing, None, 66, false, 10, -, 0.8506734, 500
56, SimulatedAnnealing, None, 66, false, 10, -, 0.88000697, 600
56, SimulatedAnnealing, None, 66, false, 10, -, 0.8602315, 700
56, SimulatedAnnealing, None, 66, false, 10, -, 0.8506734, 800
57, SimulatedAnnealing, None, 190, true, 25, -, 0.85015696, 100
57, SimulatedAnnealing, None, 190, true, 25, -, 0.8254982, 200
57, SimulatedAnnealing, None, 190, true, 25, -, 0.8195661, 300
57, SimulatedAnnealing, None, 190, true, 25, -, 0.8338704, 400
57, SimulatedAnnealing, None, 190, true, 25, -, 0.8389214, 500
57, SimulatedAnnealing, None, 190, true, 25, -, 0.8389214, 600
57, SimulatedAnnealing, None, 190, true, 25, -, 0.8225048, 700
57, SimulatedAnnealing, None, 190, true, 25, -, 0.83141744, 800
58, SimulatedAnnealing, None, 14, true, 25, -, 0.875, 100
58, SimulatedAnnealing, None, 14, true, 25, -, 0.875, 200
58, SimulatedAnnealing, None, 14, true, 25, -, 0.88461536, 300
58, SimulatedAnnealing, None, 14, true, 25, -, 0.88461536, 400
58, SimulatedAnnealing, None, 14, true, 25, -, 0.875, 500
58, SimulatedAnnealing, None, 14, true, 25, -, 0.89444447, 600
58, SimulatedAnnealing, None, 14, true, 25, -, 0.875, 700
58, SimulatedAnnealing, None, 14, true, 25, -, 0.875, 800
59, SimulatedAnnealing, None, 42, true, 25, -, 0.86936295, 100
59, SimulatedAnnealing, None, 42, true, 25, -, 0.91169906, 200
59, SimulatedAnnealing, None, 42, true, 25, -, 0.86364347, 300
59, SimulatedAnnealing, None, 42, true, 25, -, 0.8751587, 400
59, SimulatedAnnealing, None, 42, true, 25, -, 0.8839987, 500
59, SimulatedAnnealing, None, 42, true, 25, -, 0.86936295, 600
59, SimulatedAnnealing, None, 42, true, 25, -, 0.89606696, 700
59, SimulatedAnnealing, None, 42, true, 25, -, 0.9025209, 800
60, SimulatedAnnealing, None, 169, true, 10, -, 0.8947738, 100
60, SimulatedAnnealing, None, 169, true, 10, -, 0.9262447, 200
60, SimulatedAnnealing, None, 169, true, 10, -, 0.92377365, 300
60, SimulatedAnnealing, None, 169, true, 10, -, 0.9294064, 400
60, SimulatedAnnealing, None, 169, true, 10, -, 0.9294064, 500
60, SimulatedAnnealing, None, 169, true, 10, -, 0.8947738, 600
60, SimulatedAnnealing, None, 169, true, 10, -, 0.92059684, 700
60, SimulatedAnnealing, None, 169, true, 10, -, 0.9294064, 800
61, SimulatedAnnealing, None, 71, true, 25, -, 0.865778, 100
61, SimulatedAnnealing, None, 71, true, 25, -, 0.84810907, 200
61, SimulatedAnnealing, None, 71, true, 25, -, 0.8683624, 300
61, SimulatedAnnealing, None, 71, true, 25, -, 0.87885624, 400
61, SimulatedAnnealing, None, 71, true, 25, -, 0.85811627, 500
61, SimulatedAnnealing, None, 71, true, 25, -, 0.86065507, 600
61, SimulatedAnnealing, None, 71, true, 25, -, 0.8530833, 700
61, SimulatedAnnealing, None, 71, true, 25, -, 0.85276634, 800
62, SimulatedAnnealing, None, 197, false, 10, -, 0.8917116, 100
62, SimulatedAnnealing, None, 197, false, 10, -, 0.8917116, 200
62, SimulatedAnnealing, None, 197, false, 10, -, 0.8917116, 300
62, SimulatedAnnealing, None, 197, false, 10, -, 0.8917116, 400
62, SimulatedAnnealing, None, 197, false, 10, -, 0.8917116, 500
62, SimulatedAnnealing, None, 197, false, 10, -, 0.8917116, 600
62, SimulatedAnnealing, None, 197, false, 10, -, 0.8917116, 700
62, SimulatedAnnealing, None, 197, false, 10, -, 0.8917116, 800
63, SimulatedAnnealing, None, 8, true, 25, -, 0.93014705, 100
63, SimulatedAnnealing, None, 8, true, 25, -, 0.93014705, 200
63, SimulatedAnnealing, None, 8, true, 25, -, 0.9035714, 300
63, SimulatedAnnealing, None, 8, true, 25, -, 0.93014705, 400
63, SimulatedAnnealing, None, 8, true, 25, -, 0.93014705, 500
63, SimulatedAnnealing, None, 8, true, 25, -, 0.9035714, 600
63, SimulatedAnnealing, None, 8, true, 25, -, 0.9583333, 700
63, SimulatedAnnealing, None, 8, true, 25, -, 0.93014705, 800
64, SimulatedAnnealing, None, 45, true, 10, -, 0.8682068, 100
64, SimulatedAnnealing, None, 45, true, 10, -, 0.87923354, 200
64, SimulatedAnnealing, None, 45, true, 10, -, 0.859695, 300
64, SimulatedAnnealing, None, 45, true, 10, -, 0.859695, 400
64, SimulatedAnnealing, None, 45, true, 10, -, 0.8768889, 500
64, SimulatedAnnealing, None, 45, true, 10, -, 0.8682068, 600
64, SimulatedAnnealing, None, 45, true, 10, -, 0.8682068, 700
64, SimulatedAnnealing, None, 45, true, 10, -, 0.8879388, 800
65, SimulatedAnnealing, None, 72, true, 25, -, 0.8254184, 100
65, SimulatedAnnealing, None, 72, true, 25, -, 0.88017416, 200
65, SimulatedAnnealing, None, 72, true, 25, -, 0.83704406, 300
65, SimulatedAnnealing, None, 72, true, 25, -, 0.85251623, 400
65, SimulatedAnnealing, None, 72, true, 25, -, 0.8269192, 500
65, SimulatedAnnealing, None, 72, true, 25, -, 0.8532937, 600
65, SimulatedAnnealing, None, 72, true, 25, -, 0.8360396, 700
65, SimulatedAnnealing, None, 72, true, 25, -, 0.8536496, 800
66, SimulatedAnnealing, None, 140, false, 10, -, 0.7787918, 100
66, SimulatedAnnealing, None, 140, false, 10, -, 0.78675216, 200
66, SimulatedAnnealing, None, 140, false, 10, -, 0.7565406, 300
66, SimulatedAnnealing, None, 140, false, 10, -, 0.78675216, 400
66, SimulatedAnnealing, None, 140, false, 10, -, 0.78675216, 500
66, SimulatedAnnealing, None, 140, false, 10, -, 0.7787918, 600
66, SimulatedAnnealing, None, 140, false, 10, -, 0.7787918, 700
66, SimulatedAnnealing, None, 140, false, 10, -, 0.78675216, 800
67, SimulatedAnnealing, None, 30, false, 10, -, 0.8738956, 100
67, SimulatedAnnealing, None, 30, false, 10, -, 0.8738956, 200
67, SimulatedAnnealing, None, 30, false, 10, -, 0.8738956, 300
67, SimulatedAnnealing, None, 30, false, 10, -, 0.8738956, 400
67, SimulatedAnnealing, None, 30, false, 10, -, 0.8738956, 500
67, SimulatedAnnealing, None, 30, false, 10, -, 0.8738956, 600
67, SimulatedAnnealing, None, 30, false, 10, -, 0.8738956, 700
67, SimulatedAnnealing, None, 30, false, 10, -, 0.8738956, 800
68, SimulatedAnnealing, None, 143, true, 10, -, 0.8930768, 100
68, SimulatedAnnealing, None, 143, true, 10, -, 0.8837415, 200
68, SimulatedAnnealing, None, 143, true, 10, -, 0.9220686, 300
68, SimulatedAnnealing, None, 143, true, 10, -, 0.89000916, 400
68, SimulatedAnnealing, None, 143, true, 10, -, 0.8777753, 500
68, SimulatedAnnealing, None, 143, true, 10, -, 0.9191976, 600
68, SimulatedAnnealing, None, 143, true, 10, -, 0.9188224, 700
68, SimulatedAnnealing, None, 143, true, 10, -, 0.92548054, 800
69, SimulatedAnnealing, None, 23, true, 10, -, 0.8668814, 100
69, SimulatedAnnealing, None, 23, true, 10, -, 0.9176136, 200
69, SimulatedAnnealing, None, 23, true, 10, -, 0.8777174, 300
69, SimulatedAnnealing, None, 23, true, 10, -, 0.92391306, 400
69, SimulatedAnnealing, None, 23, true, 10, -, 0.8777174, 500
69, SimulatedAnnealing, None, 23, true, 10, -, 0.91191417, 600
69, SimulatedAnnealing, None, 23, true, 10, -, 0.90022296, 700
69, SimulatedAnnealing, None, 23, true, 10, -, 0.90022296, 800
70, SimulatedAnnealing, None, 29, true, 25, -, 0.8406456, 100
70, SimulatedAnnealing, None, 29, true, 25, -, 0.90135306, 200
70, SimulatedAnnealing, None, 29, true, 25, -, 0.86267126, 300
70, SimulatedAnnealing, None, 29, true, 25, -, 0.84423816, 400
70, SimulatedAnnealing, None, 29, true, 25, -, 0.8819273, 500
70, SimulatedAnnealing, None, 29, true, 25, -, 0.86267126, 600
70, SimulatedAnnealing, None, 29, true, 25, -, 0.8335516, 700
70, SimulatedAnnealing, None, 29, true, 25, -, 0.8702719, 800
71, SimulatedAnnealing, None, 64, true, 10, -, 0.90751827, 100
71, SimulatedAnnealing, None, 64, true, 10, -, 0.90751827, 200
71, SimulatedAnnealing, None, 64, true, 10, -, 0.91298527, 300
71, SimulatedAnnealing, None, 64, true, 10, -, 0.9297887, 400
71, SimulatedAnnealing, None, 64, true, 10, -, 0.8673692, 500
71, SimulatedAnnealing, None, 64, true, 10, -, 0.9021164, 600
71, SimulatedAnnealing, None, 64, true, 10, -, 0.9021164, 700
71, SimulatedAnnealing, None, 64, true, 10, -, 0.90751827, 800
72, SimulatedAnnealing, None, 19, true, 10, -, 0.91153413, 100
72, SimulatedAnnealing, None, 19, true, 10, -, 0.91153413, 200
72, SimulatedAnnealing, None, 19, true, 10, -, 0.91153413, 300
72, SimulatedAnnealing, None, 19, true, 10, -, 0.91153413, 400
72, SimulatedAnnealing, None, 19, true, 10, -, 0.91153413, 500
72, SimulatedAnnealing, None, 19, true, 10, -, 0.91153413, 600
72, SimulatedAnnealing, None, 19, true, 10, -, 0.91153413, 700
72, SimulatedAnnealing, None, 19, true, 10, -, 0.91153413, 800
73, SimulatedAnnealing, None, 198, true, 10, -, 0.88827974, 100
73, SimulatedAnnealing, None, 198, true, 10, -, 0.88935614, 200
73, SimulatedAnnealing, None, 198, true, 10, -, 0.89145213, 300
73, SimulatedAnnealing, None, 198, true, 10, -, 0.8851298, 400
73, SimulatedAnnealing, None, 198, true, 10, -, 0.89145213, 500
73, SimulatedAnnealing, None, 198, true, 10, -, 0.89304686, 600
73, SimulatedAnnealing, None, 198, true, 10, -, 0.88771844, 700
73, SimulatedAnnealing, None, 198, true, 10, -, 0.909709, 800
74, SimulatedAnnealing, None, 124, true, 25, -, 0.8215645, 100
74, SimulatedAnnealing, None, 124, true, 25, -, 0.84667087, 200
74, SimulatedAnnealing, None, 124, true, 25, -, 0.8616744, 300
74, SimulatedAnnealing, None, 124, true, 25, -, 0.84965557, 400
74, SimulatedAnnealing, None, 124, true, 25, -, 0.8497936, 500
74, SimulatedAnnealing, None, 124, true, 25, -, 0.83109987, 600
74, SimulatedAnnealing, None, 124, true, 25, -, 0.84963125, 700
74, SimulatedAnnealing, None, 124, true, 25, -, 0.83784115, 800
75, SimulatedAnnealing, None, 135, false, 10, -, 0.83754003, 100
75, SimulatedAnnealing, None, 135, false, 10, -, 0.83754003, 200
75, SimulatedAnnealing, None, 135, false, 10, -, 0.83754003, 300
75, SimulatedAnnealing, None, 135, false, 10, -, 0.86975306, 400
75, SimulatedAnnealing, None, 135, false, 10, -, 0.86975306, 500
75, SimulatedAnnealing, None, 135, false, 10, -, 0.86975306, 600
75, SimulatedAnnealing, None, 135, false, 10, -, 0.883343, 700
75, SimulatedAnnealing, None, 135, false, 10, -, 0.8312684, 800
76, SimulatedAnnealing, None, 78, true, 10, -, 0.9032258, 100
76, SimulatedAnnealing, None, 78, true, 10, -, 0.9033005, 200
76, SimulatedAnnealing, None, 78, true, 10, -, 0.9150327, 300
76, SimulatedAnnealing, None, 78, true, 10, -, 0.9032258, 400
76, SimulatedAnnealing, None, 78, true, 10, -, 0.9032258, 500
76, SimulatedAnnealing, None, 78, true, 10, -, 0.92105263, 600
76, SimulatedAnnealing, None, 78, true, 10, -, 0.8974359, 700
76, SimulatedAnnealing, None, 78, true, 10, -, 0.9032258, 800
77, SimulatedAnnealing, None, 145, false, 25, -, 0.75742733, 100
77, SimulatedAnnealing, None, 145, false, 25, -, 0.75742733, 200
77, SimulatedAnnealing, None, 145, false, 25, -, 0.75742733, 300
77, SimulatedAnnealing, None, 145, false, 25, -, 0.75742733, 400
77, SimulatedAnnealing, None, 145, false, 25, -, 0.76268727, 500
77, SimulatedAnnealing, None, 145, false, 25, -, 0.75742733, 600
77, SimulatedAnnealing, None, 145, false, 25, -, 0.76268727, 700
77, SimulatedAnnealing, None, 145, false, 25, -, 0.79012203, 800
78, SimulatedAnnealing, None, 188, false, 25, -, 0.82651603, 100
78, SimulatedAnnealing, None, 188, false, 25, -, 0.8519065, 200
78, SimulatedAnnealing, None, 188, false, 25, -, 0.8559971, 300
78, SimulatedAnnealing, None, 188, false, 25, -, 0.8809467, 400
78, SimulatedAnnealing, None, 188, false, 25, -, 0.85076004, 500
78, SimulatedAnnealing, None, 188, false, 25, -, 0.8251499, 600
78, SimulatedAnnealing, None, 188, false, 25, -, 0.8541748, 700
78, SimulatedAnnealing, None, 188, false, 25, -, 0.82926196, 800
79, SimulatedAnnealing, None, 147, false, 10, -, 0.8007188, 100
79, SimulatedAnnealing, None, 147, false, 10, -, 0.78975004, 200
79, SimulatedAnnealing, None, 147, false, 10, -, 0.81775534, 300
79, SimulatedAnnealing, None, 147, false, 10, -, 0.8007188, 400
79, SimulatedAnnealing, None, 147, false, 10, -, 0.8355326, 500
79, SimulatedAnnealing, None, 147, false, 10, -, 0.81775534, 600
79, SimulatedAnnealing, None, 147, false, 10, -, 0.8235964, 700
79, SimulatedAnnealing, None, 147, false, 10, -, 0.78975004, 800
80, SimulatedAnnealing, None, 131, true, 25, -, 0.8387361, 100
80, SimulatedAnnealing, None, 131, true, 25, -, 0.8301177, 200
80, SimulatedAnnealing, None, 131, true, 25, -, 0.8075813, 300
80, SimulatedAnnealing, None, 131, true, 25, -, 0.8233887, 400
80, SimulatedAnnealing, None, 131, true, 25, -, 0.82460403, 500
80, SimulatedAnnealing, None, 131, true, 25, -, 0.8483967, 600
80, SimulatedAnnealing, None, 131, true, 25, -, 0.80994093, 700
80, SimulatedAnnealing, None, 131, true, 25, -, 0.825213, 800
81, SimulatedAnnealing, None, 68, false, 25, -, 0.8670024, 100
81, SimulatedAnnealing, None, 68, false, 25, -, 0.85425234, 200
81, SimulatedAnnealing, None, 68, false, 25, -, 0.86026824, 300
81, SimulatedAnnealing, None, 68, false, 25, -, 0.86026824, 400
81, SimulatedAnnealing, None, 68, false, 25, -, 0.86026824, 500
81, SimulatedAnnealing, None, 68, false, 25, -, 0.8654893, 600
81, SimulatedAnnealing, None, 68, false, 25, -, 0.86026824, 700
81, SimulatedAnnealing, None, 68, false, 25, -, 0.8527615, 800
82, SimulatedAnnealing, None, 15, false, 10, -, 0.83388704, 100
82, SimulatedAnnealing, None, 15, false, 10, -, 0.83388704, 200
82, SimulatedAnnealing, None, 15, false, 10, -, 0.83388704, 300
82, SimulatedAnnealing, None, 15, false, 10, -, 0.83388704, 400
82, SimulatedAnnealing, None, 15, false, 10, -, 0.83388704, 500
82, SimulatedAnnealing, None, 15, false, 10, -, 0.83388704, 600
82, SimulatedAnnealing, None, 15, false, 10, -, 0.83388704, 700
82, SimulatedAnnealing, None, 15, false, 10, -, 0.83388704, 800
83, SimulatedAnnealing, None, 113, true, 25, -, 0.8485814, 100
83, SimulatedAnnealing, None, 113, true, 25, -, 0.8355312, 200
83, SimulatedAnnealing, None, 113, true, 25, -, 0.84443164, 300
83, SimulatedAnnealing, None, 113, true, 25, -, 0.8820141, 400
83, SimulatedAnnealing, None, 113, true, 25, -, 0.85930645, 500
83, SimulatedAnnealing, None, 113, true, 25, -, 0.85538816, 600
83, SimulatedAnnealing, None, 113, true, 25, -, 0.85283303, 700
83, SimulatedAnnealing, None, 113, true, 25, -, 0.8711101, 800
84, SimulatedAnnealing, None, 173, true, 25, -, 0.851828, 100
84, SimulatedAnnealing, None, 173, true, 25, -, 0.84450406, 200
84, SimulatedAnnealing, None, 173, true, 25, -, 0.84005934, 300
84, SimulatedAnnealing, None, 173, true, 25, -, 0.80815834, 400
84, SimulatedAnnealing, None, 173, true, 25, -, 0.82220876, 500
84, SimulatedAnnealing, None, 173, true, 25, -, 0.8334792, 600
84, SimulatedAnnealing, None, 173, true, 25, -, 0.85660774, 700
84, SimulatedAnnealing, None, 173, true, 25, -, 0.81960046, 800
85, SimulatedAnnealing, None, 17, true, 10, -, 0.9617647, 100
85, SimulatedAnnealing, None, 17, true, 10, -, 0.9159664, 200
85, SimulatedAnnealing, None, 17, true, 10, -, 0.93830705, 300
85, SimulatedAnnealing, None, 17, true, 10, -, 0.9617647, 400
85, SimulatedAnnealing, None, 17, true, 10, -, 0.93830705, 500
85, SimulatedAnnealing, None, 17, true, 10, -, 0.9617647, 600
85, SimulatedAnnealing, None, 17, true, 10, -, 0.93830705, 700
85, SimulatedAnnealing, None, 17, true, 10, -, 0.93830705, 800
86, SimulatedAnnealing, None, 75, true, 25, -, 0.8955535, 100
86, SimulatedAnnealing, None, 75, true, 25, -, 0.85659367, 200
86, SimulatedAnnealing, None, 75, true, 25, -, 0.8708967, 300
86, SimulatedAnnealing, None, 75, true, 25, -, 0.8708967, 400
86, SimulatedAnnealing, None, 75, true, 25, -, 0.8725155, 500
86, SimulatedAnnealing, None, 75, true, 25, -, 0.8644813, 600
86, SimulatedAnnealing, None, 75, true, 25, -, 0.86607623, 700
86, SimulatedAnnealing, None, 75, true, 25, -, 0.8550334, 800
87, SimulatedAnnealing, None, 188, true, 25, -, 0.81914896, 100
87, SimulatedAnnealing, None, 188, true, 25, -, 0.8397751, 200
87, SimulatedAnnealing, None, 188, true, 25, -, 0.864836, 300
87, SimulatedAnnealing, None, 188, true, 25, -, 0.84767866, 400
87, SimulatedAnnealing, None, 188, true, 25, -, 0.8210857, 500
87, SimulatedAnnealing, None, 188, true, 25, -, 0.85609347, 600
87, SimulatedAnnealing, None, 188, true, 25, -, 0.83404255, 700
87, SimulatedAnnealing, None, 188, true, 25, -, 0.84879106, 800
88, SimulatedAnnealing, None, 100, false, 25, -, 0.82739234, 100
88, SimulatedAnnealing, None, 100, false, 25, -, 0.82234716, 200
88, SimulatedAnnealing, None, 100, false, 25, -, 0.8351704, 300
88, SimulatedAnnealing, None, 100, false, 25, -, 0.8436065, 400
88, SimulatedAnnealing, None, 100, false, 25, -, 0.8436065, 500
88, SimulatedAnnealing, None, 100, false, 25, -, 0.8436065, 600
88, SimulatedAnnealing, None, 100, false, 25, -, 0.8699266, 700
88, SimulatedAnnealing, None, 100, false, 25, -, 0.8436065, 800
89, SimulatedAnnealing, None, 31, false, 10, -, 0.90613025, 100
89, SimulatedAnnealing, None, 31, false, 10, -, 0.87690026, 200
89, SimulatedAnnealing, None, 31, false, 10, -, 0.87690026, 300
89, SimulatedAnnealing, None, 31, false, 10, -, 0.87690026, 400
89, SimulatedAnnealing, None, 31, false, 10, -, 0.87690026, 500
89, SimulatedAnnealing, None, 31, false, 10, -, 0.87690026, 600
89, SimulatedAnnealing, None, 31, false, 10, -, 0.87690026, 700
89, SimulatedAnnealing, None, 31, false, 10, -, 0.90613025, 800
90, SimulatedAnnealing, None, 69, false, 25, -, 0.85320103, 100
90, SimulatedAnnealing, None, 69, false, 25, -, 0.8715213, 200
90, SimulatedAnnealing, None, 69, false, 25, -, 0.8481073, 300
90, SimulatedAnnealing, None, 69, false, 25, -, 0.85064656, 400
90, SimulatedAnnealing, None, 69, false, 25, -, 0.86357427, 500
90, SimulatedAnnealing, None, 69, false, 25, -, 0.8331846, 600
90, SimulatedAnnealing, None, 69, false, 25, -, 0.8557709, 700
90, SimulatedAnnealing, None, 69, false, 25, -, 0.84558314, 800
91, SimulatedAnnealing, None, 184, true, 25, -, 0.8471671, 100
91, SimulatedAnnealing, None, 184, true, 25, -, 0.88923424, 200
91, SimulatedAnnealing, None, 184, true, 25, -, 0.8684591, 300
91, SimulatedAnnealing, None, 184, true, 25, -, 0.8439287, 400
91, SimulatedAnnealing, None, 184, true, 25, -, 0.8631005, 500
91, SimulatedAnnealing, None, 184, true, 25, -, 0.8850032, 600
91, SimulatedAnnealing, None, 184, true, 25, -, 0.85660666, 700
91, SimulatedAnnealing, None, 184, true, 25, -, 0.8717092, 800
92, SimulatedAnnealing, None, 157, true, 25, -, 0.83239716, 100
92, SimulatedAnnealing, None, 157, true, 25, -, 0.8317375, 200
92, SimulatedAnnealing, None, 157, true, 25, -, 0.8433807, 300
92, SimulatedAnnealing, None, 157, true, 25, -, 0.8240291, 400
92, SimulatedAnnealing, None, 157, true, 25, -, 0.81496555, 500
92, SimulatedAnnealing, None, 157, true, 25, -, 0.83239716, 600
92, SimulatedAnnealing, None, 157, true, 25, -, 0.8240291, 700
92, SimulatedAnnealing, None, 157, true, 25, -, 0.83251625, 800
93, SimulatedAnnealing, None, 156, false, 25, -, 0.8543936, 100
93, SimulatedAnnealing, None, 156, false, 25, -, 0.83210504, 200
93, SimulatedAnnealing, None, 156, false, 25, -, 0.8468809, 300
93, SimulatedAnnealing, None, 156, false, 25, -, 0.8427602, 400
93, SimulatedAnnealing, None, 156, false, 25, -, 0.84480244, 500
93, SimulatedAnnealing, None, 156, false, 25, -, 0.8592849, 600
93, SimulatedAnnealing, None, 156, false, 25, -, 0.83966345, 700
93, SimulatedAnnealing, None, 156, false, 25, -, 0.8705082, 800
94, SimulatedAnnealing, None, 99, false, 10, -, 0.84561765, 100
94, SimulatedAnnealing, None, 99, false, 10, -, 0.84561765, 200
94, SimulatedAnnealing, None, 99, false, 10, -, 0.84561765, 300
94, SimulatedAnnealing, None, 99, false, 10, -, 0.8812226, 400
94, SimulatedAnnealing, None, 99, false, 10, -, 0.84561765, 500
94, SimulatedAnnealing, None, 99, false, 10, -, 0.8812226, 600
94, SimulatedAnnealing, None, 99, false, 10, -, 0.8812226, 700
94, SimulatedAnnealing, None, 99, false, 10, -, 0.84561765, 800
95, SimulatedAnnealing, None, 194, false, 25, -, 0.8583377, 100
95, SimulatedAnnealing, None, 194, false, 25, -, 0.8509275, 200
95, SimulatedAnnealing, None, 194, false, 25, -, 0.8643569, 300
95, SimulatedAnnealing, None, 194, false, 25, -, 0.85063696, 400
95, SimulatedAnnealing, None, 194, false, 25, -, 0.8412869, 500
95, SimulatedAnnealing, None, 194, false, 25, -, 0.8676145, 600
95, SimulatedAnnealing, None, 194, false, 25, -, 0.84595424, 700
95, SimulatedAnnealing, None, 194, false, 25, -, 0.870253, 800
96, SimulatedAnnealing, None, 76, true, 25, -, 0.8664361, 100
96, SimulatedAnnealing, None, 76, true, 25, -, 0.8726393, 200
96, SimulatedAnnealing, None, 76, true, 25, -, 0.8726393, 300
96, SimulatedAnnealing, None, 76, true, 25, -, 0.85013574, 400
96, SimulatedAnnealing, None, 76, true, 25, -, 0.85257864, 500
96, SimulatedAnnealing, None, 76, true, 25, -, 0.8624923, 600
96, SimulatedAnnealing, None, 76, true, 25, -, 0.87145895, 700
96, SimulatedAnnealing, None, 76, true, 25, -, 0.8974726, 800
97, SimulatedAnnealing, None, 165, false, 10, -, 0.87288755, 100
97, SimulatedAnnealing, None, 165, false, 10, -, 0.87288755, 200
97, SimulatedAnnealing, None, 165, false, 10, -, 0.87288755, 300
97, SimulatedAnnealing, None, 165, false, 10, -, 0.87288755, 400
97, SimulatedAnnealing, None, 165, false, 10, -, 0.87288755, 500
97, SimulatedAnnealing, None, 165, false, 10, -, 0.87288755, 600
97, SimulatedAnnealing, None, 165, false, 10, -, 0.87288755, 700
97, SimulatedAnnealing, None, 165, false, 10, -, 0.87288755, 800
98, SimulatedAnnealing, None, 104, false, 10, -, 0.870067, 100
98, SimulatedAnnealing, None, 104, false, 10, -, 0.870067, 200
98, SimulatedAnnealing, None, 104, false, 10, -, 0.870067, 300
98, SimulatedAnnealing, None, 104, false, 10, -, 0.870067, 400
98, SimulatedAnnealing, None, 104, false, 10, -, 0.870067, 500
98, SimulatedAnnealing, None, 104, false, 10, -, 0.870067, 600
98, SimulatedAnnealing, None, 104, false, 10, -, 0.870067, 700
98, SimulatedAnnealing, None, 104, false, 10, -, 0.870067, 800
99, SimulatedAnnealing, None, 140, false, 10, -, 0.88715875, 100
99, SimulatedAnnealing, None, 140, false, 10, -, 0.88715875, 200
99, SimulatedAnnealing, None, 140, false, 10, -, 0.88715875, 300
99, SimulatedAnnealing, None, 140, false, 10, -, 0.88715875, 400
99, SimulatedAnnealing, None, 140, false, 10, -, 0.88715875, 500
99, SimulatedAnnealing, None, 140, false, 10, -, 0.88715875, 600
99, SimulatedAnnealing, None, 140, false, 10, -, 0.88715875, 700
99, SimulatedAnnealing, None, 140, false, 10, -, 0.88715875, 800
100, SimulatedAnnealing, None, 143, true, 25, -, 0.8236326, 100
100, SimulatedAnnealing, None, 143, true, 25, -, 0.84029573, 200
100, SimulatedAnnealing, None, 143, true, 25, -, 0.8661638, 300
100, SimulatedAnnealing, None, 143, true, 25, -, 0.84565187, 400
100, SimulatedAnnealing, None, 143, true, 25, -, 0.833869, 500
100, SimulatedAnnealing, None, 143, true, 25, -, 0.83902305, 600
100, SimulatedAnnealing, None, 143, true, 25, -, 0.8516072, 700
100, SimulatedAnnealing, None, 143, true, 25, -, 0.84910244, 800
101, SimulatedAnnealing, None, 195, true, 25, -, 0.8556369, 100
101, SimulatedAnnealing, None, 195, true, 25, -, 0.8385005, 200
101, SimulatedAnnealing, None, 195, true, 25, -, 0.822594, 300
101, SimulatedAnnealing, None, 195, true, 25, -, 0.86539465, 400
101, SimulatedAnnealing, None, 195, true, 25, -, 0.85605764, 500
101, SimulatedAnnealing, None, 195, true, 25, -, 0.85805565, 600
101, SimulatedAnnealing, None, 195, true, 25, -, 0.83332103, 700
101, SimulatedAnnealing, None, 195, true, 25, -, 0.84602106, 800
102, SimulatedAnnealing, None, 33, true, 25, -, 0.8719075, 100
102, SimulatedAnnealing, None, 33, true, 25, -, 0.8635639, 200
102, SimulatedAnnealing, None, 33, true, 25, -, 0.8719075, 300
102, SimulatedAnnealing, None, 33, true, 25, -, 0.85945165, 400
102, SimulatedAnnealing, None, 33, true, 25, -, 0.8719075, 500
102, SimulatedAnnealing, None, 33, true, 25, -, 0.85945165, 600
102, SimulatedAnnealing, None, 33, true, 25, -, 0.8719075, 700
102, SimulatedAnnealing, None, 33, true, 25, -, 0.85945165, 800
103, SimulatedAnnealing, None, 13, false, 10, -, 0.90301, 100
103, SimulatedAnnealing, None, 13, false, 10, -, 0.90301, 200
103, SimulatedAnnealing, None, 13, false, 10, -, 0.90301, 300
103, SimulatedAnnealing, None, 13, false, 10, -, 0.90301, 400
103, SimulatedAnnealing, None, 13, false, 10, -, 0.90301, 500
103, SimulatedAnnealing, None, 13, false, 10, -, 0.90301, 600
103, SimulatedAnnealing, None, 13, false, 10, -, 0.90301, 700
103, SimulatedAnnealing, None, 13, false, 10, -, 0.90301, 800
104, SimulatedAnnealing, None, 57, false, 10, -, 0.82502234, 100
104, SimulatedAnnealing, None, 57, false, 10, -, 0.82502234, 200
104, SimulatedAnnealing, None, 57, false, 10, -, 0.82502234, 300
104, SimulatedAnnealing, None, 57, false, 10, -, 0.82502234, 400
104, SimulatedAnnealing, None, 57, false, 10, -, 0.82502234, 500
104, SimulatedAnnealing, None, 57, false, 10, -, 0.82502234, 600
104, SimulatedAnnealing, None, 57, false, 10, -, 0.82502234, 700
104, SimulatedAnnealing, None, 57, false, 10, -, 0.82502234, 800
105, SimulatedAnnealing, None, 167, true, 10, -, 0.90054107, 100
105, SimulatedAnnealing, None, 167, true, 10, -, 0.9047623, 200
105, SimulatedAnnealing, None, 167, true, 10, -, 0.9099044, 300
105, SimulatedAnnealing, None, 167, true, 10, -, 0.9155211, 400
105, SimulatedAnnealing, None, 167, true, 10, -, 0.9240244, 500
105, SimulatedAnnealing, None, 167, true, 10, -, 0.8681378, 600
105, SimulatedAnnealing, None, 167, true, 10, -, 0.8840426, 700
105, SimulatedAnnealing, None, 167, true, 10, -, 0.91272134, 800
106, SimulatedAnnealing, None, 100, false, 25, -, 0.8134454, 100
106, SimulatedAnnealing, None, 100, false, 25, -, 0.8111732, 200
106, SimulatedAnnealing, None, 100, false, 25, -, 0.8191819, 300
106, SimulatedAnnealing, None, 100, false, 25, -, 0.8066667, 400
106, SimulatedAnnealing, None, 100, false, 25, -, 0.8228144, 500
106, SimulatedAnnealing, None, 100, false, 25, -, 0.8191819, 600
106, SimulatedAnnealing, None, 100, false, 25, -, 0.82853067, 700
106, SimulatedAnnealing, None, 100, false, 25, -, 0.8344827, 800
107, SimulatedAnnealing, None, 194, true, 25, -, 0.8577532, 100
107, SimulatedAnnealing, None, 194, true, 25, -, 0.860464, 200
107, SimulatedAnnealing, None, 194, true, 25, -, 0.83830094, 300
107, SimulatedAnnealing, None, 194, true, 25, -, 0.86224407, 400
107, SimulatedAnnealing, None, 194, true, 25, -, 0.8489104, 500
107, SimulatedAnnealing, None, 194, true, 25, -, 0.88090765, 600
107, SimulatedAnnealing, None, 194, true, 25, -, 0.86660725, 700
107, SimulatedAnnealing, None, 194, true, 25, -, 0.83619994, 800
108, SimulatedAnnealing, None, 123, false, 25, -, 0.8400858, 100
108, SimulatedAnnealing, None, 123, false, 25, -, 0.849525, 200
108, SimulatedAnnealing, None, 123, false, 25, -, 0.87407774, 300
108, SimulatedAnnealing, None, 123, false, 25, -, 0.85674477, 400
108, SimulatedAnnealing, None, 123, false, 25, -, 0.85191804, 500
108, SimulatedAnnealing, None, 123, false, 25, -, 0.8436008, 600
108, SimulatedAnnealing, None, 123, false, 25, -, 0.894766, 700
108, SimulatedAnnealing, None, 123, false, 25, -, 0.86780745, 800
109, SimulatedAnnealing, None, 169, false, 10, -, 0.81155634, 100
109, SimulatedAnnealing, None, 169, false, 10, -, 0.81155634, 200
109, SimulatedAnnealing, None, 169, false, 10, -, 0.81155634, 300
109, SimulatedAnnealing, None, 169, false, 10, -, 0.81155634, 400
109, SimulatedAnnealing, None, 169, false, 10, -, 0.81155634, 500
109, SimulatedAnnealing, None, 169, false, 10, -, 0.81155634, 600
109, SimulatedAnnealing, None, 169, false, 10, -, 0.81155634, 700
109, SimulatedAnnealing, None, 169, false, 10, -, 0.81155634, 800
110, SimulatedAnnealing, None, 181, true, 25, -, 0.8362485, 100
110, SimulatedAnnealing, None, 181, true, 25, -, 0.8368913, 200
110, SimulatedAnnealing, None, 181, true, 25, -, 0.8143572, 300
110, SimulatedAnnealing, None, 181, true, 25, -, 0.84754497, 400
110, SimulatedAnnealing, None, 181, true, 25, -, 0.8368451, 500
110, SimulatedAnnealing, None, 181, true, 25, -, 0.8334299, 600
110, SimulatedAnnealing, None, 181, true, 25, -, 0.84937507, 700
110, SimulatedAnnealing, None, 181, true, 25, -, 0.8433738, 800
111, SimulatedAnnealing, None, 73, false, 25, -, 0.8478664, 100
111, SimulatedAnnealing, None, 73, false, 25, -, 0.82046676, 200
111, SimulatedAnnealing, None, 73, false, 25, -, 0.8294011, 300
111, SimulatedAnnealing, None, 73, false, 25, -, 0.8478664, 400
111, SimulatedAnnealing, None, 73, false, 25, -, 0.8294011, 500
111, SimulatedAnnealing, None, 73, false, 25, -, 0.844732, 600
111, SimulatedAnnealing, None, 73, false, 25, -, 0.82789856, 700
111, SimulatedAnnealing, None, 73, false, 25, -, 0.844732, 800
112, SimulatedAnnealing, None, 80, true, 10, -, 0.9332447, 100
112, SimulatedAnnealing, None, 80, true, 10, -, 0.9384026, 200
112, SimulatedAnnealing, None, 80, true, 10, -, 0.9253692, 300
112, SimulatedAnnealing, None, 80, true, 10, -, 0.9332447, 400
112, SimulatedAnnealing, None, 80, true, 10, -, 0.9253692, 500
112, SimulatedAnnealing, None, 80, true, 10, -, 0.9253692, 600
112, SimulatedAnnealing, None, 80, true, 10, -, 0.9399107, 700
112, SimulatedAnnealing, None, 80, true, 10, -, 0.9253692, 800
113, SimulatedAnnealing, None, 68, false, 10, -, 0.84534883, 100
113, SimulatedAnnealing, None, 68, false, 10, -, 0.82613635, 200
113, SimulatedAnnealing, None, 68, false, 10, -, 0.84534883, 300
113, SimulatedAnnealing, None, 68, false, 10, -, 0.84534883, 400
113, SimulatedAnnealing, None, 68, false, 10, -, 0.84534883, 500
113, SimulatedAnnealing, None, 68, false, 10, -, 0.84534883, 600
113, SimulatedAnnealing, None, 68, false, 10, -, 0.84534883, 700
113, SimulatedAnnealing, None, 68, false, 10, -, 0.84534883, 800
114, SimulatedAnnealing, None, 197, false, 10, -, 0.7781459, 100
114, SimulatedAnnealing, None, 197, false, 10, -, 0.7781459, 200
114, SimulatedAnnealing, None, 197, false, 10, -, 0.7781459, 300
114, SimulatedAnnealing, None, 197, false, 10, -, 0.7781459, 400
114, SimulatedAnnealing, None, 197, false, 10, -, 0.7781459, 500
114, SimulatedAnnealing, None, 197, false, 10, -, 0.7781459, 600
114, SimulatedAnnealing, None, 197, false, 10, -, 0.7781459, 700
114, SimulatedAnnealing, None, 197, false, 10, -, 0.74638486, 800
115, SimulatedAnnealing, None, 170, false, 25, -, 0.8290765, 100
115, SimulatedAnnealing, None, 170, false, 25, -, 0.8388154, 200
115, SimulatedAnnealing, None, 170, false, 25, -, 0.8255109, 300
115, SimulatedAnnealing, None, 170, false, 25, -, 0.83344996, 400
115, SimulatedAnnealing, None, 170, false, 25, -, 0.8321957, 500
115, SimulatedAnnealing, None, 170, false, 25, -, 0.8494532, 600
115, SimulatedAnnealing, None, 170, false, 25, -, 0.85470486, 700
115, SimulatedAnnealing, None, 170, false, 25, -, 0.84858423, 800
116, SimulatedAnnealing, None, 150, false, 25, -, 0.84045434, 100
116, SimulatedAnnealing, None, 150, false, 25, -, 0.8838002, 200
116, SimulatedAnnealing, None, 150, false, 25, -, 0.8452544, 300
116, SimulatedAnnealing, None, 150, false, 25, -, 0.86612046, 400
116, SimulatedAnnealing, None, 150, false, 25, -, 0.85727227, 500
116, SimulatedAnnealing, None, 150, false, 25, -, 0.86685836, 600
116, SimulatedAnnealing, None, 150, false, 25, -, 0.8579499, 700
116, SimulatedAnnealing, None, 150, false, 25, -, 0.8579499, 800
117, SimulatedAnnealing, None, 162, true, 25, -, 0.8043541, 100
117, SimulatedAnnealing, None, 162, true, 25, -, 0.8450999, 200
117, SimulatedAnnealing, None, 162, true, 25, -, 0.8855704, 300
117, SimulatedAnnealing, None, 162, true, 25, -, 0.84955204, 400
117, SimulatedAnnealing, None, 162, true, 25, -, 0.8489739, 500
117, SimulatedAnnealing, None, 162, true, 25, -, 0.8624853, 600
117, SimulatedAnnealing, None, 162, true, 25, -, 0.8406797, 700
117, SimulatedAnnealing, None, 162, true, 25, -, 0.8299704, 800
118, SimulatedAnnealing, None, 134, true, 10, -, 0.89786327, 100
118, SimulatedAnnealing, None, 134, true, 10, -, 0.9089014, 200
118, SimulatedAnnealing, None, 134, true, 10, -, 0.91106033, 300
118, SimulatedAnnealing, None, 134, true, 10, -, 0.91626406, 400
118, SimulatedAnnealing, None, 134, true, 10, -, 0.9089014, 500
118, SimulatedAnnealing, None, 134, true, 10, -, 0.92059624, 600
118, SimulatedAnnealing, None, 134, true, 10, -, 0.8999859, 700
118, SimulatedAnnealing, None, 134, true, 10, -, 0.91106033, 800
119, SimulatedAnnealing, None, 31, false, 25, -, 0.8614908, 100
119, SimulatedAnnealing, None, 31, false, 25, -, 0.84245235, 200
119, SimulatedAnnealing, None, 31, false, 25, -, 0.8518652, 300
119, SimulatedAnnealing, None, 31, false, 25, -, 0.8518652, 400
119, SimulatedAnnealing, None, 31, false, 25, -, 0.8471326, 500
119, SimulatedAnnealing, None, 31, false, 25, -, 0.85665095, 600
119, SimulatedAnnealing, None, 31, false, 25, -, 0.86638564, 700
119, SimulatedAnnealing, None, 31, false, 25, -, 0.89526516, 800
120, SimulatedAnnealing, None, 57, false, 10, -, 0.92029595, 100
120, SimulatedAnnealing, None, 57, false, 10, -, 0.9038621, 200
120, SimulatedAnnealing, None, 57, false, 10, -, 0.92029595, 300
120, SimulatedAnnealing, None, 57, false, 10, -, 0.92029595, 400
120, SimulatedAnnealing, None, 57, false, 10, -, 0.92029595, 500
120, SimulatedAnnealing, None, 57, false, 10, -, 0.9038621, 600
120, SimulatedAnnealing, None, 57, false, 10, -, 0.92029595, 700
120, SimulatedAnnealing, None, 57, false, 10, -, 0.8880049, 800
121, SimulatedAnnealing, None, 139, false, 10, -, 0.8419007, 100
121, SimulatedAnnealing, None, 139, false, 10, -, 0.8358439, 200
121, SimulatedAnnealing, None, 139, false, 10, -, 0.8419007, 300
121, SimulatedAnnealing, None, 139, false, 10, -, 0.8419007, 400
121, SimulatedAnnealing, None, 139, false, 10, -, 0.8419007, 500
121, SimulatedAnnealing, None, 139, false, 10, -, 0.8419007, 600
121, SimulatedAnnealing, None, 139, false, 10, -, 0.848046, 700
121, SimulatedAnnealing, None, 139, false, 10, -, 0.8358439, 800
122, SimulatedAnnealing, None, 38, false, 10, -, 0.8720996, 100
122, SimulatedAnnealing, None, 38, false, 10, -, 0.8720996, 200
122, SimulatedAnnealing, None, 38, false, 10, -, 0.8720996, 300
122, SimulatedAnnealing, None, 38, false, 10, -, 0.8720996, 400
122, SimulatedAnnealing, None, 38, false, 10, -, 0.8720996, 500
122, SimulatedAnnealing, None, 38, false, 10, -, 0.9205496, 600
122, SimulatedAnnealing, None, 38, false, 10, -, 0.9107565, 700
122, SimulatedAnnealing, None, 38, false, 10, -, 0.8720996, 800
123, SimulatedAnnealing, None, 151, false, 25, -, 0.8355217, 100
123, SimulatedAnnealing, None, 151, false, 25, -, 0.80585647, 200
123, SimulatedAnnealing, None, 151, false, 25, -, 0.828475, 300
123, SimulatedAnnealing, None, 151, false, 25, -, 0.83697563, 400
123, SimulatedAnnealing, None, 151, false, 25, -, 0.8340728, 500
123, SimulatedAnnealing, None, 151, false, 25, -, 0.8280317, 600
123, SimulatedAnnealing, None, 151, false, 25, -, 0.8490887, 700
123, SimulatedAnnealing, None, 151, false, 25, -, 0.84808385, 800
124, SimulatedAnnealing, None, 138, false, 25, -, 0.85068935, 100
124, SimulatedAnnealing, None, 138, false, 25, -, 0.8314212, 200
124, SimulatedAnnealing, None, 138, false, 25, -, 0.84893584, 300
124, SimulatedAnnealing, None, 138, false, 25, -, 0.83998275, 400
124, SimulatedAnnealing, None, 138, false, 25, -, 0.85068935, 500
124, SimulatedAnnealing, None, 138, false, 25, -, 0.83806497, 600
124, SimulatedAnnealing, None, 138, false, 25, -, 0.8295423, 700
124, SimulatedAnnealing, None, 138, false, 25, -, 0.843648, 800
125, SimulatedAnnealing, None, 82, true, 10, -, 0.9457143, 100
125, SimulatedAnnealing, None, 82, true, 10, -, 0.9387408, 200
125, SimulatedAnnealing, None, 82, true, 10, -, 0.9279507, 300
125, SimulatedAnnealing, None, 82, true, 10, -, 0.9174058, 400
125, SimulatedAnnealing, None, 82, true, 10, -, 0.9174058, 500
125, SimulatedAnnealing, None, 82, true, 10, -, 0.9122227, 600
125, SimulatedAnnealing, None, 82, true, 10, -, 0.9279507, 700
125, SimulatedAnnealing, None, 82, true, 10, -, 0.9387408, 800
126, SimulatedAnnealing, None, 152, true, 10, -, 0.8899863, 100
126, SimulatedAnnealing, None, 152, true, 10, -, 0.88413113, 200
126, SimulatedAnnealing, None, 152, true, 10, -, 0.9058369, 300
126, SimulatedAnnealing, None, 152, true, 10, -, 0.89383906, 400
126, SimulatedAnnealing, None, 152, true, 10, -, 0.91374815, 500
126, SimulatedAnnealing, None, 152, true, 10, -, 0.8899863, 600
126, SimulatedAnnealing, None, 152, true, 10, -, 0.91498166, 700
126, SimulatedAnnealing, None, 152, true, 10, -, 0.8786248, 800
127, SimulatedAnnealing, None, 145, true, 10, -, 0.8986302, 100
127, SimulatedAnnealing, None, 145, true, 10, -, 0.89859045, 200
127, SimulatedAnnealing, None, 145, true, 10, -, 0.9005024, 300
127, SimulatedAnnealing, None, 145, true, 10, -, 0.9078126, 400
127, SimulatedAnnealing, None, 145, true, 10, -, 0.89121884, 500
127, SimulatedAnnealing, None, 145, true, 10, -, 0.8879079, 600
127, SimulatedAnnealing, None, 145, true, 10, -, 0.919662, 700
127, SimulatedAnnealing, None, 145, true, 10, -, 0.894292, 800
128, SimulatedAnnealing, None, 145, false, 10, -, 0.884874, 100
128, SimulatedAnnealing, None, 145, false, 10, -, 0.884874, 200
128, SimulatedAnnealing, None, 145, false, 10, -, 0.884874, 300
128, SimulatedAnnealing, None, 145, false, 10, -, 0.884874, 400
128, SimulatedAnnealing, None, 145, false, 10, -, 0.884874, 500
128, SimulatedAnnealing, None, 145, false, 10, -, 0.884874, 600
128, SimulatedAnnealing, None, 145, false, 10, -, 0.884874, 700
128, SimulatedAnnealing, None, 145, false, 10, -, 0.884874, 800
129, SimulatedAnnealing, None, 56, true, 10, -, 0.85471, 100
129, SimulatedAnnealing, None, 56, true, 10, -, 0.8394473, 200
129, SimulatedAnnealing, None, 56, true, 10, -, 0.85471, 300
129, SimulatedAnnealing, None, 56, true, 10, -, 0.87449497, 400
129, SimulatedAnnealing, None, 56, true, 10, -, 0.8868118, 500
129, SimulatedAnnealing, None, 56, true, 10, -, 0.86647207, 600
129, SimulatedAnnealing, None, 56, true, 10, -, 0.87449497, 700
129, SimulatedAnnealing, None, 56, true, 10, -, 0.8826678, 800
130, SimulatedAnnealing, None, 17, true, 25, -, 0.8695399, 100
130, SimulatedAnnealing, None, 17, true, 25, -, 0.89615846, 200
130, SimulatedAnnealing, None, 17, true, 25, -, 0.8782353, 300
130, SimulatedAnnealing, None, 17, true, 25, -, 0.88710636, 400
130, SimulatedAnnealing, None, 17, true, 25, -, 0.88710636, 500
130, SimulatedAnnealing, None, 17, true, 25, -, 0.88710636, 600
130, SimulatedAnnealing, None, 17, true, 25, -, 0.88710636, 700
130, SimulatedAnnealing, None, 17, true, 25, -, 0.88710636, 800
131, SimulatedAnnealing, None, 159, false, 10, -, 0.82934, 100
131, SimulatedAnnealing, None, 159, false, 10, -, 0.82934, 200
131, SimulatedAnnealing, None, 159, false, 10, -, 0.82934, 300
131, SimulatedAnnealing, None, 159, false, 10, -, 0.82229173, 400
131, SimulatedAnnealing, None, 159, false, 10, -, 0.82934, 500
131, SimulatedAnnealing, None, 159, false, 10, -, 0.82934, 600
131, SimulatedAnnealing, None, 159, false, 10, -, 0.82934, 700
131, SimulatedAnnealing, None, 159, false, 10, -, 0.82934, 800
132, SimulatedAnnealing, None, 79, true, 10, -, 0.9203492, 100
132, SimulatedAnnealing, None, 79, true, 10, -, 0.9125825, 200
132, SimulatedAnnealing, None, 79, true, 10, -, 0.9203492, 300
132, SimulatedAnnealing, None, 79, true, 10, -, 0.8974359, 400
132, SimulatedAnnealing, None, 79, true, 10, -, 0.9125825, 500
132, SimulatedAnnealing, None, 79, true, 10, -, 0.8900496, 600
132, SimulatedAnnealing, None, 79, true, 10, -, 0.9203492, 700
132, SimulatedAnnealing, None, 79, true, 10, -, 0.9125825, 800
133, SimulatedAnnealing, None, 116, true, 25, -, 0.8483128, 100
133, SimulatedAnnealing, None, 116, true, 25, -, 0.8483128, 200
133, SimulatedAnnealing, None, 116, true, 25, -, 0.8328457, 300
133, SimulatedAnnealing, None, 116, true, 25, -, 0.8422964, 400
133, SimulatedAnnealing, None, 116, true, 25, -, 0.8377379, 500
133, SimulatedAnnealing, None, 116, true, 25, -, 0.85318816, 600
133, SimulatedAnnealing, None, 116, true, 25, -, 0.8411034, 700
133, SimulatedAnnealing, None, 116, true, 25, -, 0.840385, 800
134, SimulatedAnnealing, None, 167, true, 25, -, 0.82733274, 100
134, SimulatedAnnealing, None, 167, true, 25, -, 0.8555801, 200
134, SimulatedAnnealing, None, 167, true, 25, -, 0.8246852, 300
134, SimulatedAnnealing, None, 167, true, 25, -, 0.826315, 400
134, SimulatedAnnealing, None, 167, true, 25, -, 0.8421198, 500
134, SimulatedAnnealing, None, 167, true, 25, -, 0.8216443, 600
134, SimulatedAnnealing, None, 167, true, 25, -, 0.87010384, 700
134, SimulatedAnnealing, None, 167, true, 25, -, 0.8383369, 800
135, SimulatedAnnealing, None, 146, false, 25, -, 0.8282507, 100
135, SimulatedAnnealing, None, 146, false, 25, -, 0.8282507, 200
135, SimulatedAnnealing, None, 146, false, 25, -, 0.83400244, 300
135, SimulatedAnnealing, None, 146, false, 25, -, 0.82104164, 400
135, SimulatedAnnealing, None, 146, false, 25, -, 0.8274766, 500
135, SimulatedAnnealing, None, 146, false, 25, -, 0.8282507, 600
135, SimulatedAnnealing, None, 146, false, 25, -, 0.8282507, 700
135, SimulatedAnnealing, None, 146, false, 25, -, 0.8282507, 800
136, SimulatedAnnealing, None, 151, false, 10, -, 0.7553395, 100
136, SimulatedAnnealing, None, 151, false, 10, -, 0.7766167, 200
136, SimulatedAnnealing, None, 151, false, 10, -, 0.76583034, 300
136, SimulatedAnnealing, None, 151, false, 10, -, 0.7766167, 400
136, SimulatedAnnealing, None, 151, false, 10, -, 0.7766167, 500
136, SimulatedAnnealing, None, 151, false, 10, -, 0.7766167, 600
136, SimulatedAnnealing, None, 151, false, 10, -, 0.7553395, 700
136, SimulatedAnnealing, None, 151, false, 10, -, 0.7766167, 800
137, SimulatedAnnealing, None, 150, true, 25, -, 0.8421574, 100
137, SimulatedAnnealing, None, 150, true, 25, -, 0.85545903, 200
137, SimulatedAnnealing, None, 150, true, 25, -, 0.85107344, 300
137, SimulatedAnnealing, None, 150, true, 25, -, 0.8276791, 400
137, SimulatedAnnealing, None, 150, true, 25, -, 0.87799394, 500
137, SimulatedAnnealing, None, 150, true, 25, -, 0.84534496, 600
137, SimulatedAnnealing, None, 150, true, 25, -, 0.83325, 700
137, SimulatedAnnealing, None, 150, true, 25, -, 0.8421574, 800
138, SimulatedAnnealing, None, 153, false, 10, -, 0.9088442, 100
138, SimulatedAnnealing, None, 153, false, 10, -, 0.9028452, 200
138, SimulatedAnnealing, None, 153, false, 10, -, 0.9088442, 300
138, SimulatedAnnealing, None, 153, false, 10, -, 0.9088442, 400
138, SimulatedAnnealing, None, 153, false, 10, -, 0.9028452, 500
138, SimulatedAnnealing, None, 153, false, 10, -, 0.90583473, 600
138, SimulatedAnnealing, None, 153, false, 10, -, 0.9088442, 700
138, SimulatedAnnealing, None, 153, false, 10, -, 0.9088442, 800
139, SimulatedAnnealing, None, 171, true, 25, -, 0.8551259, 100
139, SimulatedAnnealing, None, 171, true, 25, -, 0.8841636, 200
139, SimulatedAnnealing, None, 171, true, 25, -, 0.8896346, 300
139, SimulatedAnnealing, None, 171, true, 25, -, 0.86316156, 400
139, SimulatedAnnealing, None, 171, true, 25, -, 0.89055514, 500
139, SimulatedAnnealing, None, 171, true, 25, -, 0.8641786, 600
139, SimulatedAnnealing, None, 171, true, 25, -, 0.86316156, 700
139, SimulatedAnnealing, None, 171, true, 25, -, 0.8834591, 800
140, SimulatedAnnealing, None, 60, false, 10, -, 0.8685109, 100
140, SimulatedAnnealing, None, 60, false, 10, -, 0.8685109, 200
140, SimulatedAnnealing, None, 60, false, 10, -, 0.8685109, 300
140, SimulatedAnnealing, None, 60, false, 10, -, 0.8685109, 400
140, SimulatedAnnealing, None, 60, false, 10, -, 0.8685109, 500
140, SimulatedAnnealing, None, 60, false, 10, -, 0.8685109, 600
140, SimulatedAnnealing, None, 60, false, 10, -, 0.8685109, 700
140, SimulatedAnnealing, None, 60, false, 10, -, 0.8685109, 800
141, SimulatedAnnealing, None, 9, false, 25, -, 0.93004113, 100
141, SimulatedAnnealing, None, 9, false, 25, -, 0.9131313, 200
141, SimulatedAnnealing, None, 9, false, 25, -, 0.93004113, 300
141, SimulatedAnnealing, None, 9, false, 25, -, 0.93004113, 400
141, SimulatedAnnealing, None, 9, false, 25, -, 0.93004113, 500
141, SimulatedAnnealing, None, 9, false, 25, -, 0.93004113, 600
141, SimulatedAnnealing, None, 9, false, 25, -, 0.9131313, 700
141, SimulatedAnnealing, None, 9, false, 25, -, 0.8968254, 800
142, SimulatedAnnealing, None, 152, false, 10, -, 0.9144632, 100
142, SimulatedAnnealing, None, 152, false, 10, -, 0.910042, 200
142, SimulatedAnnealing, None, 152, false, 10, -, 0.87582, 300
142, SimulatedAnnealing, None, 152, false, 10, -, 0.9118126, 400
142, SimulatedAnnealing, None, 152, false, 10, -, 0.9144632, 500
142, SimulatedAnnealing, None, 152, false, 10, -, 0.9118126, 600
142, SimulatedAnnealing, None, 152, false, 10, -, 0.9118126, 700
142, SimulatedAnnealing, None, 152, false, 10, -, 0.8994908, 800
143, SimulatedAnnealing, None, 91, true, 25, -, 0.85944957, 100
143, SimulatedAnnealing, None, 91, true, 25, -, 0.8577458, 200
143, SimulatedAnnealing, None, 91, true, 25, -, 0.83510256, 300
143, SimulatedAnnealing, None, 91, true, 25, -, 0.83510256, 400
143, SimulatedAnnealing, None, 91, true, 25, -, 0.8467803, 500
143, SimulatedAnnealing, None, 91, true, 25, -, 0.8384435, 600
143, SimulatedAnnealing, None, 91, true, 25, -, 0.86647284, 700
143, SimulatedAnnealing, None, 91, true, 25, -, 0.8632246, 800
144, SimulatedAnnealing, None, 35, false, 10, -, 0.89033186, 100
144, SimulatedAnnealing, None, 35, false, 10, -, 0.89033186, 200
144, SimulatedAnnealing, None, 35, false, 10, -, 0.8727016, 300
144, SimulatedAnnealing, None, 35, false, 10, -, 0.89033186, 400
144, SimulatedAnnealing, None, 35, false, 10, -, 0.89033186, 500
144, SimulatedAnnealing, None, 35, false, 10, -, 0.8727016, 600
144, SimulatedAnnealing, None, 35, false, 10, -, 0.89033186, 700
144, SimulatedAnnealing, None, 35, false, 10, -, 0.89033186, 800
145, SimulatedAnnealing, None, 139, true, 10, -, 0.9242035, 100
145, SimulatedAnnealing, None, 139, true, 10, -, 0.8967519, 200
145, SimulatedAnnealing, None, 139, true, 10, -, 0.9053612, 300
145, SimulatedAnnealing, None, 139, true, 10, -, 0.9210425, 400
145, SimulatedAnnealing, None, 139, true, 10, -, 0.9483973, 500
145, SimulatedAnnealing, None, 139, true, 10, -, 0.9467569, 600
145, SimulatedAnnealing, None, 139, true, 10, -, 0.91027075, 700
145, SimulatedAnnealing, None, 139, true, 10, -, 0.94700617, 800
146, SimulatedAnnealing, None, 82, true, 25, -, 0.8232567, 100
146, SimulatedAnnealing, None, 82, true, 25, -, 0.8245802, 200
146, SimulatedAnnealing, None, 82, true, 25, -, 0.82724017, 300
146, SimulatedAnnealing, None, 82, true, 25, -, 0.8443903, 400
146, SimulatedAnnealing, None, 82, true, 25, -, 0.83602995, 500
146, SimulatedAnnealing, None, 82, true, 25, -, 0.8245802, 600
146, SimulatedAnnealing, None, 82, true, 25, -, 0.8305478, 700
146, SimulatedAnnealing, None, 82, true, 25, -, 0.83354735, 800
147, SimulatedAnnealing, None, 101, true, 25, -, 0.8405189, 100
147, SimulatedAnnealing, None, 101, true, 25, -, 0.8331794, 200
147, SimulatedAnnealing, None, 101, true, 25, -, 0.84313375, 300
147, SimulatedAnnealing, None, 101, true, 25, -, 0.8401226, 400
147, SimulatedAnnealing, None, 101, true, 25, -, 0.85229826, 500
147, SimulatedAnnealing, None, 101, true, 25, -, 0.8525837, 600
147, SimulatedAnnealing, None, 101, true, 25, -, 0.838127, 700
147, SimulatedAnnealing, None, 101, true, 25, -, 0.8253836, 800
148, SimulatedAnnealing, None, 77, false, 25, -, 0.7827627, 100
148, SimulatedAnnealing, None, 77, false, 25, -, 0.7827627, 200
148, SimulatedAnnealing, None, 77, false, 25, -, 0.8256538, 300
148, SimulatedAnnealing, None, 77, false, 25, -, 0.8256538, 400
148, SimulatedAnnealing, None, 77, false, 25, -, 0.8036364, 500
148, SimulatedAnnealing, None, 77, false, 25, -, 0.7827627, 600
148, SimulatedAnnealing, None, 77, false, 25, -, 0.8036364, 700
148, SimulatedAnnealing, None, 77, false, 25, -, 0.81449634, 800
149, SimulatedAnnealing, None, 33, false, 25, -, 0.85330045, 100
149, SimulatedAnnealing, None, 33, false, 25, -, 0.8868408, 200
149, SimulatedAnnealing, None, 33, false, 25, -, 0.86333925, 300
149, SimulatedAnnealing, None, 33, false, 25, -, 0.86673826, 400
149, SimulatedAnnealing, None, 33, false, 25, -, 0.85330045, 500
149, SimulatedAnnealing, None, 33, false, 25, -, 0.86333925, 600
149, SimulatedAnnealing, None, 33, false, 25, -, 0.85000587, 700
149, SimulatedAnnealing, None, 33, false, 25, -, 0.8599669, 800
150, SimulatedAnnealing, None, 196, true, 25, -, 0.8079469, 100
150, SimulatedAnnealing, None, 196, true, 25, -, 0.8486671, 200
150, SimulatedAnnealing, None, 196, true, 25, -, 0.85254586, 300
150, SimulatedAnnealing, None, 196, true, 25, -, 0.8246703, 400
150, SimulatedAnnealing, None, 196, true, 25, -, 0.83052105, 500
150, SimulatedAnnealing, None, 196, true, 25, -, 0.84853387, 600
150, SimulatedAnnealing, None, 196, true, 25, -, 0.8469797, 700
150, SimulatedAnnealing, None, 196, true, 25, -, 0.81957626, 800
151, SimulatedAnnealing, None, 192, true, 10, -, 0.88257134, 100
151, SimulatedAnnealing, None, 192, true, 10, -, 0.89023846, 200
151, SimulatedAnnealing, None, 192, true, 10, -, 0.9007687, 300
151, SimulatedAnnealing, None, 192, true, 10, -, 0.88405967, 400
151, SimulatedAnnealing, None, 192, true, 10, -, 0.9053865, 500
151, SimulatedAnnealing, None, 192, true, 10, -, 0.9007687, 600
151, SimulatedAnnealing, None, 192, true, 10, -, 0.9085743, 700
151, SimulatedAnnealing, None, 192, true, 10, -, 0.91506815, 800
152, SimulatedAnnealing, None, 87, true, 25, -, 0.8949318, 100
152, SimulatedAnnealing, None, 87, true, 25, -, 0.8841039, 200
152, SimulatedAnnealing, None, 87, true, 25, -, 0.86377966, 300
152, SimulatedAnnealing, None, 87, true, 25, -, 0.8566173, 400
152, SimulatedAnnealing, None, 87, true, 25, -, 0.87401056, 500
152, SimulatedAnnealing, None, 87, true, 25, -, 0.8609004, 600
152, SimulatedAnnealing, None, 87, true, 25, -, 0.8609004, 700
152, SimulatedAnnealing, None, 87, true, 25, -, 0.8594679, 800
153, SimulatedAnnealing, None, 105, false, 25, -, 0.8524194, 100
153, SimulatedAnnealing, None, 105, false, 25, -, 0.8819533, 200
153, SimulatedAnnealing, None, 105, false, 25, -, 0.8765203, 300
153, SimulatedAnnealing, None, 105, false, 25, -, 0.85858506, 400
153, SimulatedAnnealing, None, 105, false, 25, -, 0.8658527, 500
153, SimulatedAnnealing, None, 105, false, 25, -, 0.848996, 600
153, SimulatedAnnealing, None, 105, false, 25, -, 0.87717843, 700
153, SimulatedAnnealing, None, 105, false, 25, -, 0.85544163, 800
154, SimulatedAnnealing, None, 152, false, 10, -, 0.87927735, 100
154, SimulatedAnnealing, None, 152, false, 10, -, 0.87927735, 200
154, SimulatedAnnealing, None, 152, false, 10, -, 0.8677079, 300
154, SimulatedAnnealing, None, 152, false, 10, -, 0.8677079, 400
154, SimulatedAnnealing, None, 152, false, 10, -, 0.87927735, 500
154, SimulatedAnnealing, None, 152, false, 10, -, 0.8677079, 600
154, SimulatedAnnealing, None, 152, false, 10, -, 0.8571932, 700
154, SimulatedAnnealing, None, 152, false, 10, -, 0.85155374, 800
155, SimulatedAnnealing, None, 98, false, 25, -, 0.84197724, 100
155, SimulatedAnnealing, None, 98, false, 25, -, 0.8486011, 200
155, SimulatedAnnealing, None, 98, false, 25, -, 0.85084015, 300
155, SimulatedAnnealing, None, 98, false, 25, -, 0.82479405, 400
155, SimulatedAnnealing, None, 98, false, 25, -, 0.84197724, 500
155, SimulatedAnnealing, None, 98, false, 25, -, 0.8332971, 600
155, SimulatedAnnealing, None, 98, false, 25, -, 0.82154256, 700
155, SimulatedAnnealing, None, 98, false, 25, -, 0.84971917, 800
156, SimulatedAnnealing, None, 129, false, 10, -, 0.86134595, 100
156, SimulatedAnnealing, None, 129, false, 10, -, 0.8750181, 200
156, SimulatedAnnealing, None, 129, false, 10, -, 0.8750181, 300
156, SimulatedAnnealing, None, 129, false, 10, -, 0.86134595, 400
156, SimulatedAnnealing, None, 129, false, 10, -, 0.86134595, 500
156, SimulatedAnnealing, None, 129, false, 10, -, 0.8750181, 600
156, SimulatedAnnealing, None, 129, false, 10, -, 0.8750181, 700
156, SimulatedAnnealing, None, 129, false, 10, -, 0.8750181, 800
157, SimulatedAnnealing, None, 12, false, 25, -, 0.9351852, 100
157, SimulatedAnnealing, None, 12, false, 25, -, 0.9237805, 200
157, SimulatedAnnealing, None, 12, false, 25, -, 0.9237805, 300
157, SimulatedAnnealing, None, 12, false, 25, -, 0.9126506, 400
157, SimulatedAnnealing, None, 12, false, 25, -, 0.9237805, 500
157, SimulatedAnnealing, None, 12, false, 25, -, 0.9126506, 600
157, SimulatedAnnealing, None, 12, false, 25, -, 0.9237805, 700
157, SimulatedAnnealing, None, 12, false, 25, -, 0.9126506, 800
158, SimulatedAnnealing, None, 132, false, 25, -, 0.81769794, 100
158, SimulatedAnnealing, None, 132, false, 25, -, 0.8193429, 200
158, SimulatedAnnealing, None, 132, false, 25, -, 0.8383125, 300
158, SimulatedAnnealing, None, 132, false, 25, -, 0.8130475, 400
158, SimulatedAnnealing, None, 132, false, 25, -, 0.84069645, 500
158, SimulatedAnnealing, None, 132, false, 25, -, 0.82569444, 600
158, SimulatedAnnealing, None, 132, false, 25, -, 0.82569444, 700
158, SimulatedAnnealing, None, 132, false, 25, -, 0.82569444, 800
159, SimulatedAnnealing, None, 55, false, 10, -, 0.9042704, 100
159, SimulatedAnnealing, None, 55, false, 10, -, 0.8878291, 200
159, SimulatedAnnealing, None, 55, false, 10, -, 0.9042704, 300
159, SimulatedAnnealing, None, 55, false, 10, -, 0.9042704, 400
159, SimulatedAnnealing, None, 55, false, 10, -, 0.8878291, 500
159, SimulatedAnnealing, None, 55, false, 10, -, 0.90923893, 600
159, SimulatedAnnealing, None, 55, false, 10, -, 0.8944945, 700
159, SimulatedAnnealing, None, 55, false, 10, -, 0.9042704, 800
160, SimulatedAnnealing, None, 15, true, 25, -, 0.8795699, 100
160, SimulatedAnnealing, None, 15, true, 25, -, 0.8867209, 200
160, SimulatedAnnealing, None, 15, true, 25, -, 0.9088889, 300
160, SimulatedAnnealing, None, 15, true, 25, -, 0.8939891, 400
160, SimulatedAnnealing, None, 15, true, 25, -, 0.9165266, 500
160, SimulatedAnnealing, None, 15, true, 25, -, 0.8867209, 600
160, SimulatedAnnealing, None, 15, true, 25, -, 0.8939891, 700
160, SimulatedAnnealing, None, 15, true, 25, -, 0.8867209, 800
161, SimulatedAnnealing, None, 3, true, 10, -, 1.0, 100
161, SimulatedAnnealing, None, 3, true, 10, -, 1.0, 200
161, SimulatedAnnealing, None, 3, true, 10, -, 1.0, 300
161, SimulatedAnnealing, None, 3, true, 10, -, 1.0, 400
161, SimulatedAnnealing, None, 3, true, 10, -, 1.0, 500
161, SimulatedAnnealing, None, 3, true, 10, -, 1.0, 600
161, SimulatedAnnealing, None, 3, true, 10,